-- MySQL dump 10.13  Distrib 8.0.25, for Win64 (x86_64)
--
-- Host: localhost    Database: globetravelers
-- ------------------------------------------------------
-- Server version	8.0.25

/*!40101 SET @OLD_CHARACTER_SET_CLIENT=@@CHARACTER_SET_CLIENT */;
/*!40101 SET @OLD_CHARACTER_SET_RESULTS=@@CHARACTER_SET_RESULTS */;
/*!40101 SET @OLD_COLLATION_CONNECTION=@@COLLATION_CONNECTION */;
/*!50503 SET NAMES utf8 */;
/*!40103 SET @OLD_TIME_ZONE=@@TIME_ZONE */;
/*!40103 SET TIME_ZONE='+00:00' */;
/*!40014 SET @OLD_UNIQUE_CHECKS=@@UNIQUE_CHECKS, UNIQUE_CHECKS=0 */;
/*!40014 SET @OLD_FOREIGN_KEY_CHECKS=@@FOREIGN_KEY_CHECKS, FOREIGN_KEY_CHECKS=0 */;
/*!40101 SET @OLD_SQL_MODE=@@SQL_MODE, SQL_MODE='NO_AUTO_VALUE_ON_ZERO' */;
/*!40111 SET @OLD_SQL_NOTES=@@SQL_NOTES, SQL_NOTES=0 */;

--
-- Table structure for table `destination`
--

DROP TABLE IF EXISTS `destination`;
/*!40101 SET @saved_cs_client     = @@character_set_client */;
/*!50503 SET character_set_client = utf8mb4 */;
CREATE TABLE `destination` (
  `dest_id` int NOT NULL AUTO_INCREMENT,
  `name` varchar(60) CHARACTER SET utf8 COLLATE utf8_bin NOT NULL,
  `country` varchar(60) CHARACTER SET utf8 COLLATE utf8_bin NOT NULL,
  `description` longtext CHARACTER SET utf8 COLLATE utf8_bin NOT NULL,
  `program` longtext CHARACTER SET utf8 COLLATE utf8_bin NOT NULL,
  `broj_dana` int NOT NULL,
  `transport_id` int NOT NULL,
  `price` decimal(8,2) NOT NULL,
  `image1` longtext CHARACTER SET utf8 COLLATE utf8_bin NOT NULL,
  `image2` longtext CHARACTER SET utf8 COLLATE utf8_bin,
  `image3` longtext CHARACTER SET utf8 COLLATE utf8_bin,
  `is_active` varchar(10) CHARACTER SET utf8 COLLATE utf8_bin NOT NULL DEFAULT 'ACTIVE',
  PRIMARY KEY (`dest_id`),
  KEY `destination_transport_id_idx` (`transport_id`)
) ENGINE=InnoDB AUTO_INCREMENT=100 DEFAULT CHARSET=utf8mb3 COLLATE=utf8_bin;
/*!40101 SET character_set_client = @saved_cs_client */;

--
-- Dumping data for table `destination`
--

LOCK TABLES `destination` WRITE;
/*!40000 ALTER TABLE `destination` DISABLE KEYS */;
INSERT INTO `destination` VALUES (3,'Kapadokija','Turska','Povratna avio karta na relaciji SARAJEVO - ISTANBUL – KAYSERI – ISTANBUL - SARAJEVO (PEGASUS ARILINES). Aerodromske takse +8kg checkiranog prtljaga po osobi čije dimenzije ne smiju prelaziti debljinu 20 cm x širinu 40 cm x visinu 55 cm.  Aerodromske takse +8kg checkiranog prtljaga po osobi čije dimenzije ne smiju prelaziti debljinu 20 cm x širinu 40 cm x visinu 55 cm. 4 noćenja sa doručkom u Kapadokiji (mjesto Goreme) u tradicionalnom boutique hotelu tipa GRAND CAPPADOCIA http://www.grandcappadocia.com/ ili slican, OSMANLI HOTEL https://osmanlicappadociahotel.com/ ili slican.  Privatni transfer minibusom na relaciji aerodrom – hotel – aerodrom. Kompletnu organizaciju putovanja uz stručnog vodiče tokom putovanja, za vrijeme boravka u kao i u toku realizacije fakultativnih (neobaveznih) izleta. ','<div>\n  <h5>1.DAN – SARAJEVO – ISTANBUL – KAYSERI – GÖREME</h5>\n  <p>\n    Okupljanje na MEĐUNARODNOM AERODROMU SARAJEVO 2 sata prije leta. Check in i\n    prijava na let PEGASUS Airlines nakon čega slijede pasoške i carinske\n    formalnosti. Polijetanje u kasnim popodnevnim iz Sarajeva i slijetanje u\n    Istanbul nakon 2h leta. Sastanak sa lokalnim vodičem i odlazak na «domaći»\n    terminal te nastavak leta za Kayseri. Slijetanje u Kayseri u kasnim\n    vecernjim satima. Transfer do hotela u mjestu Goreme u samom srcu\n    Kapadokije. Smještaj u tradicionalni boutiqe hotel. Noćenje.\n  </p>\n  <br />\n\n  <h5>2.DAN – MISTIČNA KAPADOKIJA (crvena tzv.sjeverna tura)</h5>\n  <p>\n    Doručak. Nakon doručka odlazak na cjelodnevno fakultativni izlet MISTICNA\n    KAPADOKIJA (sjeverna ili tzv crvena tura). Tokom ove prelijepe ture imate\n    priliku da se upoznate sa najljepšim i najpoznatijim predjelima Kapadokije.\n    Izlet počinjemo odmah nakon doručka, a naša prva stanica je veličanstveni\n    vidikovac iznad grada Goreme, gdje ćemo od lokalnog vodiča dobiti\n    informacije o bogatoj istoriji Kapadokije i jedinstvenim kamenim\n    formacijama, čiji se geografski oblik formirao prije 10 hiljada godina.\n    Poslije panoramskog pogleda obilazimo zamak Uchisar i najvišu tačku\n    Kapadokije – muzej na otvorenom Goreme (pod zastitom UNESCO-a) u kojem se\n    nalaze neke od najboljih primjeraka kuća i crkava u stijenama. Moguća\n    posjeta fabrici tradicionalne turske grnčarije ili tkaonice ćilima. Put nas\n    dalje vodi ka napuštenom selu Cavusin i mjestu Avanos, nakon čega pravimo\n    pauzu za ručak i isprobavamo autentičnu tursku kuhinju. Na turi ćemo praviti\n    fotografije u fascinantnoj dolini Pasabag, u Monkovoj dolini poznatoj po\n    čuvenim vilinskim dimnjacima u obliku pečuraka, kao i u dolini Devrent\n    poznatoj po stijenama u obliku životinja. Povratak u hotel u\n    poslijepodnevnim časovima. Slobodno vrijeme. Noćenje.\n  </p>\n  <br />\n\n  <h5>\n    3.DAN – KAPADOKIJA IZ ZRAKA (Čarobni let balonom) + Adrenalinska QUAD BIKE\n    TURE + tradicionalno TURSKO VEČE\n  </h5>\n  <p>\n    Doručak. Ranim jutrom nudimo doživljaj za pamćenje! Mogućnost fakultativnog\n    odlaska na spektakularni let balonom iznad prekrasnih krajolika Kapadokije\n    (okvirno vrijeme polaska iz hotela u 04:30h). Pored bajkovitih prizora koji\n    će vam trajno ostati u sjećanju, Kapadokija se izdvaja po šarenim balonima.\n    Oni su prva asocijacija na ovaj magičan grad i vožnja u njima je\n    najomiljenija aktivnost posjetilaca, koja pruža nezaboravnu avanturu i\n    neponovljivo iskustvo. Fakultativni izlet započinjemo u ranim jutarnjim\n    časovima prije svitanja, a sam let balonima traje oko sat vremena. Vozimo se\n    kombijem do mjesta gdje nas čekaju baloni u koje se, nakon napuhavanja\n    toplim zrakom, ukrcavamo i polijecemo. Baloni nemaju unapred planiranu\n    putanju, već lete tamo gdje ih vjetar nosi. Penjemo se do 300m nadmorske\n    visine, a ispod nas se nalazi čitava oblast prekrivena fantastičnim\n    reljefnim formacijama. Njih je oblikovao bijeli vulkanski pepeo, a lokalno\n    stanovništvo ovo čudo prirode naziva „Vilinski dimnjaci“. Preko stotinu\n    balona je istovremeno u vazduhu, dok mi uživamo u nestvarnom prizoru rađanja\n    sunca i prelamanja različitih boja svjetlosti i neba. Čudesni let završavamo\n    slijetanjem u neposrednoj blizini ukrcavanja, gdje nas čekaju kombiji koji\n    nas vraćaju nazad u grad. Povratak u hotel. Slobodno vrijeme. U Podnevnim\n    satima fakultativni odlazak na dvosatnu tura QUAD motorima za istraživanje\n    najljepših krajolika Kapadokije! Nestandardno razgledanje i neobična\n    avantura u džungli kroz Göreme, dolinu Güllüdere, dolinu Love i selo\n    Vuavuşin. Dvosatna tura od 12:00h do 14:00h. Sa ovim terenskim\n    četverotočkašima lako je upravljati, potpuno su automatski, tako da nije\n    potrebno prethodno iskustvo. Staze i ruta kojom se vozi pažljivo su odabrane\n    kako ne bi bile zastrašujuće, već radi uživanja i izazova. Povratak u hotel\n    i slobodno vrijeme. U večernjim satima fakultatvni izlet na tradicionalno\n    tursko veče uz ples i muziku te tradicionalnu hranu i piće. Uživajte u\n    večernjem programu i opustite se uz čari zabavnog programa koji traje do\n    kasnih večernjih sati. U cijenu je uključena neograničena konzumacija\n    lokalnih pića + večera. Povratak u hotel. Noćenje.\n  </p>\n  <br />\n\n  <h5>4.DAN – DREVNA KAPADOKIJA (zelena tzv. južna tura)</h5>\n  <p>\n    Doručak. Slijedi fakultativni u prijepodnevnim časovima koji počinjemo\n    obilaskom podzemnog grada Derinkuju, koji je jedan od najvećih na svijetu. U\n    njemu je živjelo oko 50.000 stanovnika u 8 različitih nivoa i predstavlja\n    najveći otkopani podzemni grad u Turskoj. Danas je u turističke svrhe\n    otvoreno 4 nivoa, a šetajući kroz tunele otkrićemo fascinatnu mrežu\n    vinarija, kuhinja i dnevnih boravaka koje datiraju još iz 7 vijeka prije\n    nove ere. Nakon toga odlazimo u dolinu Ihlara i prolazimo dugačkim kanjonom\n    rijeke Melendiz, koja je nestvarna skupina isklesnih kamenih stijena u\n    kojima se nalazi stotinjak kućica, ispresijecane brojnim riječicama. Pauzu\n    od šetnje napravićemo u selu Belisirma, gdje imamo slobodno vrijeme za\n    ručak. Izlet nastavljamo do manastira Selime, najvećeg kamenog manastira u\n    Kapadokiji sa velikom pećinskom katedralom i bajkovitim pogledom na okolinu.\n    Po povratku u Uçhisar zaustavljamo se na spektakularnom vidikovcu koji gleda\n    na dolinu golubova, gdje ćemo saznati zašto su golubovi oduvijek zauzimali\n    posebno mesto u srcu mještana Kapadokije. U kasnim poslijepodnevnim časovima\n    povratak u hotel. Slobodno vrijeme. Noćenje.\n  </p>\n  <br />\n\n  <h5>5.DAN – GÖREME - KAYSERI – ISTANBUL – SARAJEVO</h5>\n  <p>\n    Doručak. Check out. Jutarnji transfer do aerodroma. Prijava za let PEGASUS\n    Airlinesa za Istanbul. Slijetanje u Istanbul i presjedanje na let za\n    Sarajevo sa očekivanim slijetanjem u Sarajevo u poslijepodnevnim satima po\n    lokalnom vremenu.\n  </p>\n  <br />\n</div>',5,2,380.00,'https://wallpaperaccess.com/full/1408401.jpg','https://www.jungletribe.hr/files/images/Evropa/Turska/Kapadokija%20i%20Antalija/Istanbul_Kapadokija%20naslovna.png','https://www.svjetskiputnik.hr/wp-content/uploads/kapadokija-goreme-2.jpg','ACTIVE'),(4,'Italija - Španija','Italija','Kosta Brava je jedna od najfascinantnijih i najpopularnijih turističkih regija Španije i upravo tu su smještene najljepše pješčane plaže. Najznačajnije i najpopularnije jletovalište regije je Ljoret de Mar, mjesto sa 30.000 stanovnika. Sa 200.000 turista, ljeti postane živahan gradić, sa brojnim koktel barovima i klubovima. Divne pješčane plaže ukupne dužine 7 km, čista voda Sredozemnog mora, barovi na plaži, raznoliki specijaliteti od plodova mora, kao i blizina Barselone, opravdava nadimak Ljoreta – turistički biser Kosta Brave i Katalonije.\n','<div>\n  <h5>1. DAN (25.08.2021. Srijeda) – Sarajevo</h5>\n\n  <p>\n    Polazak u jutarnjim satima iz Sarajeva. Vožnja luksuznim autobusima na\n    relaciji Sarajevo – Ljubljana – Venecija.\n  </p>\n  <br />\n  <h5>2. DAN (26.08.2021. Četvrtak) – VENECIJA</h5>\n  <p>\n    Dolazak u luku Punta Sabioni, fakultativna vožnja brodićem venecijanskom\n    lagunom. Po dolasku u Veneciju, razgledanje grada: Duždeva palata, most\n    Uzdaha, Bazilika Svetog Marka, zvonik Kampanile, Prokuracie, most Rialto,\n    Santa Maria... Slobodno vrijeme za šetnju i individualni obilazak grada.\n    Nakon obilaska povratak do luke i odlazak u hotel regija Veneto ili okolina\n    Verone. Noćenje.\n  </p>\n  <br />\n  <h5>3. DAN (27.08.2021. Petak) - VERONA – ITALIJA – FRANCUSKA</h5>\n  <p>\n    Doručak. Nakon doručka, polazak za Veronu. Po dolasku u Veronu razgledanje\n    grada: Piazza Bra, Arena, Piazza delle Erbe, Piazza della Signoria, Arche\n    Scaligeri, Casa di Giulietta...… Nastavak putovanja preko Severne Italije i\n    Francuskog Mediterana ka Španiji. Noćna vožnja.\n  </p>\n  <br />\n  <h5>4. DAN (28.08.2021. Subota) – LJORET DE MAR</h5>\n  <p>\n    U jutarnjim satima dolazak u najpoznatiji turistički centar na Kosta Bravi -\n    Ljoret de Mar (65 km od Barselone). Smještaj u hotel sa 3* do 14.00h (na\n    bazi 6 punih pansiona – na bazi švedskog stola). Popodne predviđeno za odmor\n    i kupanje. Večera. Noćenje.\n  </p>\n  <br />\n  <h5>\n    5. – 10. DAN (29.08-02.09.2021. Nedelja – Četvrtak) – LLORET DE MAR –\n    BARSELONA\n  </h5>\n  <p>\n    Pun pansion. Vaš boravak u Španiji učiniće nezaboravnim odlazak na neke od\n    najinteresantnijih fakultativnih izleta: FLAMENCO, BARCELONA PANORAMICA,\n    COSTA BRAVA, BARCELONA BY NIGHT, PORT AVENTURA, NOU CAMP, DALIJEV MUZEJ,\n    AQUARIUM, DISKOTEKA TROPICS... Pored toga, imaćete priliku da provedete\n    najuzbudljivije trenutke u temperamentnom „noćnom životu” Ljoreta i\n    Barselone. Osim predviđenih izleta, vreme u Španiji možete iskoristiti\n    uživajući u kupanju, odmaranju i sunčanju na prelepim pjeskovitim plažama\n    Kosta Brave. Provjerite zašto su plaže Ljoret de Mara vlasnice „Plave\n    zastave“ koja se dodjeljuje plažama na osnovu kvaliteta vode, kvaliteta\n    pijeska, sigurnosti za plivače i ispunjenošću pratećim sadržajima\n  </p>\n  <br />\n  <h5>11. DAN (03.09.2021. Petak) – LJORET DE MAR – ITALIJA</h5>\n  <p>\n    Doručak. Posle doručka, check-out iz hotela i slobodno vreme. Polazak iz\n    Ljoreta u večernjim satima. Noćna vožnja....\n  </p>\n  <br />\n  <h5>12. DAN (04.09.2021. Subota) NICA – MONAKO – MONTE KARLO</h5>\n  <p>\n    U prepodnevnim časovima dolazak na Azurnu obalu. Obilazak Nice: Englesko\n    šetalište (Promenade des Anglais), hotel Negresko (Negresco)... Celodnevni\n    boravak u Nici. U večernjim satima polazak prema Kneževini Monako.\n    Razgledanje bajkovitog grada: Palata Grimaldijevih, Katedrala, Okeanografski\n    muzej, staza Formule 1. Posjeta magičnom gradu kocke i obilazak čuvenog\n    Casina uz šetnju prelijepim parkovima Monte Karla. Poslije obilaska male\n    mondenske države slijedi noćna vožnja i nastavak putovanja preko Francuske i\n    Italije...\n  </p>\n  <br />\n  <h5>13. DAN (05.09.2021 Nedjelja) – SARAJEVO</h5>\n  <p>Dolazak u mjesto polaska u poslije podnevnim satima.</p>\n  <br />\n</div>',13,1,2000.00,'https://blugardatours.de/wp-content/uploads/2020/06/Copertina_Blumenriviera-mit-Cote-d_azur.jpg','https://images3.alphacoders.com/102/102029.jpg','https://img2.goodfon.com/wallpaper/nbig/d/1c/frezhyus-franciya.jpg','ACTIVE'),(74,'Azurna obala - Španija - Italija','Francuska-Španija','Kosta Brava je jedna od najfascinantnijih i najpopularnijih turističkih regija Španije i upravo tu su smještene najljepše pješčane plaže. Najznačajnije i najpopularnije jletovalište regije je Ljoret de Mar, mjesto sa 30.000 stanovnika. Sa 200.000 turista, ljeti postane živahan gradić, sa brojnim koktel barovima i klubovima. Divne pješčane plaže ukupne dužine 7 km, čista voda Sredozemnog mora, barovi na plaži, raznoliki specijaliteti od plodova mora, kao i blizina Barselone, opravdava nadimak Ljoreta – turistički biser Kosta Brave i Katalonije.','1. DAN  (25.08.2021. Srijeda) – Sarajevo',1,1,1200.00,'uu','sa','sa','INACTIVE'),(75,'saaaaaaaaaa','ssss','\\z','sa',46666,1,44.00,'ewew','ewew','ew','INACTIVE'),(76,'Azurna obala - Španija - Italijaaa','Francuska-Španija','Kosta Brava je jedna od najfascinantnijih i najpopularnijih turističkih regija Španije i upravo tu su smještene najljepše pješčane plaže. Najznačajnije i najpopularnije jletovalište regije je Ljoret de Mar, mjesto sa 30.000 stanovnika. Sa 200.000 turista, ljeti postane živahan gradić, sa brojnim koktel barovima i klubovima. Divne pješčane plaže ukupne dužine 7 km, čista voda Sredozemnog mora, barovi na plaži, raznoliki specijaliteti od plodova mora, kao i blizina Barselone, opravdava nadimak Ljoreta – turistički biser Kosta Brave i Katalonije.','1. DAN  (25.08.2021. Srijeda) – Sarajevo ',1,1,1200.00,'uuaaaa','sa','sa','INACTIVE'),(77,'dadad','dadad','dada','dada',6,1,3.00,'dada','dada','dada','INACTIVE'),(78,'sa','sa','sa','sa',3,1,3.00,'sa','sa','sa','INACTIVE'),(79,'sasa','sa','sas','sa',3,1,3.00,'sa','sa','sa','INACTIVE'),(80,'dddddddddddd','ddddddddddddddddddddddd','<h1>sasa</h1>','desc',4,1,4.00,'da','sas','sasa','INACTIVE'),(81,'sa','sa','sa','ew',3,1,3.00,'sa','sa','sa','INACTIVE'),(82,'Berlin','Njemačka','Berlin je najveći i glavni grad Njemačke i nakon Londona drugi najveći grad Europske unije. U vrijeme Hladnog rata od 1949. do 1990. bio je podijeljen na Istočni Berlin i Zapadni Berlin. Berlin je smješten na rijekama Spree i Havel na sjeveroistoku Njemačke.','<div>\n\n  <h5>  1. dan SARAJEVO – BERLIN\n  </h5>\n  <p>Polazak autobusa s Autobusnog kolodvora Zagreb u 19:00 sati. Vožnja preko Slovenije, Austrije i Njemačke uz kraća zaustavljanja.\n  </p>\n  <br>\n\n\n\n<h5>2. dan BERLIN\n</h5>\n<p>U jutarnjim satima, po dolasku u prijestolnicu Njemačke slijedi panoramski razgled grada autobusom i pješice: Olimpijski stadion, Charlottenburg Schloss, Stup pobjede, dvorac Bellevue, Reichstag, Brandenburška vrata – ponosni simbol nekadašnje prijestolnice njemačkog carstva. Nastavljamo razgled pješke: Trg Parizer Platz – Spomenik ubijenim Židovima u Drugom svjetskom ratu – lokacija Hitlerovog bunkera – Potsdamer Platz gdje se nalazi jedan od najvećih shopping centara u Berlinu – Detlev-Rohwedder-Haus, jedina preostala zgrada iz doba nacizma u Berlinu koja nije nastradala tijekom bitke za Berlin, a koja je služila kao ministarstvo avijacije (Luftwaffe) te poslije rata kao zgrada centralnog komiteta Istočne Njemačke – Friedrichstraße – ostaci Berlinskog zida i muzej Topografije terora izgrađen na mjestu bivšeg sjedišta SS – Checkpoint Charlie koji se nalazi na nekadašnjoj granici Zapadnog i Istočnog Berlina. Ovdje se nalazi i replika kontrolne kućice sa statistima koji stoje ispred nje u uniformama američke, francuske i ruske vojske i za naknadu slikaju se s turistima –Muzej berlinskog zida, East Side Gallery. Odlazak do hotela. Smještaj u hotel i kraći odmor. Predlažemo zajednički odlazak na večeru u tradicionalni njemački restoran s lokalnim specijalitetima. Slobodno vrijeme za večernju šetnju po predivno osvijetljenom gradu. Noćenje.\n</p>\n<br>\n\n\n<h5>3. dan BERLIN\n</h5>\n<p>Doručak. Nastavak razgledavanja grada pješice. Alexanderplatz – centar bivšeg istočnog Berlina gdje se nalazi i najviši toranj u Njemačkoj s kojeg se pruža prekrasna panorama na grad i koji godišnje posjeti više od milijun posjetitelja (fakultativno odlazak na vrh tornja); \n\n  katedrala Berliner Dom (ulaz se naplaćuje), Gradska vijećnica, Nikolaviertel najstariji dio Berlina. Nastavljamo prema katedrali i otoku muzeja, Avenija Unter den Linden na kojoj se nalazi čuvena državna Opera, Humbodtovo sveučilište, čiji su najslavniji polaznici bili Albert Einstein, Karl Marx pa čak i Vladimir Lenjin. Brandenburška vrata – ponosni simbol nekadašnje prijestolnice njemačkog carstva, Reichstag – posjet sjedištu njemačkog parlamenta s prekrasnom kupolom koji slovi za najposjećeniju berlinsku znamenitost, Potsdamer Platz- moderno središte s izvanrednim primjerima suvremene arhitekture. Slobodno vrijeme za šetnju Berlinom, kupovinu, posjet muzejima i galerijama. Predlažemo posjet Otoku muzeja i večernji odlazak u Hackescher Markt – četvrt punu restorana i barova (fakultativno). Noćenje.\n  </p>\n<br>\n\n\n<h5>4. dan BERLIN – POTSDAM – BERLIN\n</h5>\n<p>Doručak. Odlazak autobusom u obližnji Potsdam (uz doplatu), rezidencijalni grad dinastije Hohenzolerna, stoljetne dinastije koja se od knezova Brandenburga uspjela do naslova njemačkih careva 1871. godine. Jedan je od najljepših malih njemačkih gradova koji je poznat po veličanstvenim palačama i parkovima nastalim u vrijeme najznačajnijeg pruskog kralja, Fridricha Velikog. Ujedno je i mjesto čuvene Postdamske konferencije održane 1945. godine u dvorcu Cecilienhofu. Kraći razgled grada uz pratnju vodiča: Nova palača, park i dvorac Sanssouci – pruski Versailles, Cecilienhof, Alter Markt, crkva sv. Nikole, Vrata sreće, Ured Vlade, Nizozemska četvrt sa zgradama izgrađenim od crvene opeke u nizozemskom stilu, Alexandrowka – ruska kolonija s drvenim kućama izgrađenih u ruskom rustikalnom stilu. Povratak u Berlin. Poslijepodne slobodno vrijeme za vlastite sadržaje. Predlažemo posjet Kurfüsterdamm, aveniji s najvećom i najpoznatijom robnom kućom KaDeVe. Slobodno vrijeme za istraživanje noćnog života Berlina. Noćenje.\n</p>\n<br>\n\n\n<h5>5. dan BERLIN – DRESDEN – SARAJEVO\n</h5>\n<p>Doručak. Odlazak iz Berlina te vožnja do Dresdena – tzv. „Firenze na Elbi\" jednog od najljepše obnovljenih gradova Njemačke. Najbrže razvijajući grad nekadašnjeg DDR-a. Sedmi po veličini prije Drugog svjetskog rata. Grad je strahovito stradao u savezničkom bombardiranju od 13. do 15. veljače 1945. godine. Obnavljan je kamen po kamen do naših dana. Ujedno je i grad glazbe u kojem je Friedrich Schiller napisao tekst Ode radosti. Po dolasku u grad slijedi razgled grada: Dresdenska katedrala, Dresdenski dvorac iz 15. stoljeća koji je bio središte Saskih kraljeva., Zwinger, crkve Frauenkirche i Hofkirche, Bruhlska terasa, Semper opera, Zid saskih vojvoda, Plavi most preko Elbe nazvan Blaues Wonder (Plavo čudo). Slobodno vrijeme.\n  Nastavak putovanja prema Zagrebu. Dolazak u Zagreb u kasnim noćnim satima.</p>\n<br>\n\n\n<h6><b>***Važna napomena: redoslijed obilazaka podložan je promjenama ovisno o prometu i procjeni pratitelja putovanja.\n</b></h6>\n</div>',8,2,290.00,'https://img.8wallpapers.com/uploads/2021/02/377f299b78a84fc8a7f4400d.jpg','https://www.hochtief.com/fileadmin/user_upload/berlin-trailer-screen.jpg','https://wallpaperaccess.com/full/309950.jpg','ACTIVE'),(83,'Pariz','Francuska','Grad svjetla, mode, kulture, romantike, provoda i odlične kuhinje nije samo francuska, nego i istinska kozmopolitska prijestolnica! Već desetljećima očarava posjetitelje svojim znamenitostima, ali ni dalje ne gubi na popularnosti te ga milijuni turista svake godine čine jednim od najposjećenijih svjetskih odredišta.\n','\n<div>\n  <h5>1. DAN - SARAJEVO - PARIZ</h5>\n  <p>\n    Okupljanje putnika na sarajevskom aerodromu 90 minuta prije leta. Let za\n    Paris na redovnoj liniji AIR SERBIA let JU113 u 15.10h. Po slijetanju u\n    Pariz u 19.45h (let JU314), transfer u hotel. Slobodno vrijeme za kraći\n    odmor. U večernjim satima slijedi zajednički odlazak grupe METROOM u\n    „Latinsku četvrt“ (jedan od najživopisnijih dijelova Pariza u samom srcu\n    grada, tj. u blizini katedrale Notre Damm i ostrva Site...). Kraće\n    upoznavanje sa boemskom četvrti grada, prilika za večeru u nekom od malih\n    restorana u ovoj živopisnoj četvrti. Povratak u hotel. Noćenje.\n  </p>\n  <br />\n\n  <h5>2. DAN - PARIZ</h5>\n  <p>\n    Doručak. Nakon doručka slijedi fakultativni obilazak Pariza sa našim\n    vodičem: Toranj Montparnasse* (fakultativno), Palata Invalida (Les\n    Invalides), Marsova polja (Champ-de-Mars), most Aleksandra III, muzej\n    LOUVRE, Trg Concorde, Jelisejska polja (Avenue des Champs-Elysees),\n    Trijumfalna kapija (l\'Arc de Triomphe), Trocadero, Moulin Rouge, Montmartre,\n    basilique Sacre-Couer, Place du Tertre, Opera Garnier, Trg Vandome, ostrvo\n    Site (Ile de la Cite), katedrala Notre Damme, Latinska četvrt, Sorbona...\n    Povratak u hotel. Slobodno veče... Noćenje.\n  </p>\n  <br />\n\n  <h5>3. DAN - DISNEYLAND</h5>\n  <p>\n    Dorucak. Fakultativni odlazak u «EURO DISNEYLAND PARK» koji je po anketi\n    naših prethodnih grupa u proteklih 10 godina izabran kao NAJATRAKTIVNIJI\n    izlet u našoj ponudi. Veliki broj atrakcija za sve generacije... Posjetite\n    jedinstven zabavni park na području Evrope uz neograničeno korištenje svih\n    atrakcija i prisustvovanje show programima kao i specijalnoj paradi... Ne\n    propustite priliku da jednom u godini zaboravite na svakodnevni život i\n    uživate u fantastičnom i nezaboravnom provodu...\n  </p>\n  <br />\n\n  <h5>4. DAN - VERSAJ I LOUVRE + SHOPPING</h5>\n  <p>\n    Doručak. Poslije doručka fakultativni odlazak u muzej «VERSAJ». Obilazak\n    bivšeg dvorca francuskih kraljeva i jednog od najpoznatijih svjetskih\n    muzeja. Individualno razgledanje dvorca Luja XIV (Louisa XIV) savršenog\n    primjera francuskog baroka. Preporučujemo šetnju njegovim elegantnim\n    parkovima. U podnevnim satima povratak u Pariz. Slobodno vrijeme za\n    samostalni obilazak grada i posjetu najpoznatijim shopping centrima i\n    ekskluzivnim robnim kućama „Galeries Lafayete“ i „Printemps“ u kojima izlažu\n    evropski i svijetski modni kreatori. Fakultativni odlazak u muzej «LOUVRE»\n    (najveći svjetski muzej, sa neprocjenjivim kolekcijama i remek djelima\n    drevnih kultura i najpoznatijih umjetnika svih vremena... Mona Lisa,\n    Veronesa, Kanini svatovi, Zlatni salon Napoleona III...). U večernjim satima\n    fakultativni odlazak na izlet PARIZ «BY NIGHT» - Jednosatna romantična\n    vožnja rijekom Senom panoramskim brodićem „BATEAUX PARIZIEN“ nakon koje\n    slijedi posjeta LE TOUR EIFFEL (AJFELOVOM TORNJU) uz fascinantnu panoramu\n    Pariza noću... Mogućnost fakultativnog odlaska u MOULIN ROUGE (Mulen Ruž),\n    jedan od najpoznatijih svjetskih kabarea odakle potiče najpoznatiji\n    francuski ples „Kan-kan“... Povratak u hotel. Noćenje.\n  </p>\n  <br />\n\n  <h5>5. DAN - PARIZ - SARAJEVO</h5>\n  <p>\n    Doručak. Transfer na aerodrom, let za Sarajevo na liniji Air Serbia let\n    JU311 u 10.10h. Dolazak u Sarajevo u 14.40h (let JU112).\n  </p>\n  <br />\n</div>\n\nPolazak iz Zagreba u 05:00 sati s Autobusnog kolodvora, turistički peroni 502-506. Vožnja kroz Sloveniju, Austriju i Njemačku uz kraća zaustavljanja putem. Dolazak u München. Razgled gradskog središta bavarske metropole: glavni trg Marienplatz – gradska vijećnica – katedrala Frauenkirche – tržnica Viktualienmarkt – trgovačka ulica Kaufringerstrasse. Slobodno vrijeme u gradskom središtu za kupovinu, šetnju i osobne programe. Nastavak puta kroz Njemačku. Smještaj u hotel u blizini njemačko-francuske granice u okolici Stuttgarta. Noćenje.\n\n2. dan STUTTGART - REIMS - PARIZ\nDoručak. Nastavak vožnje prema  Francuskoj. Vožnja kroz francuske pokrajine Alzace i Lorraine uz kraća zaustavljanja putem radi odmora. Zaustavljanje u Reimsu povijesnom gradu Champagne, vidjet ćemo katedralu Notre Dame, najsavršeniju gotičku crkvu na svijetu, poznatu po krunidbi francuskih kraljeva. Nastavak vožnje prema Parizu. Po dolasku vožnja slavnom avenijom Champs Elysees, jednom od najpoznatijih i najljepših  ulica na svijetu kao prvi uvod u upoznavanje „grada svjetlosti“. Panoramska vožnja avenijama i bulevarima Pariza. Smještaj u hotel. Noćenje.\n\n3. dan PARIZ\nDoručak. Nastavak razgleda Pariza autobusom i pješice: trg Bastille – četvrt Marais – gradska vijećnica - veliki bulevari - trgovi Vendome, Concorde i Madeleine - Opera - Slavoluk pobjede - Hotel des Invalides - Luksemburški park - Latinska četvrt - Sorbonne - Panteon. Moguć posjet  tornju Montparnasse, najvišoj građevinu Pariza. S panoramskog vidikovca na ovoj najvišoj pariškoj građevini pruža se pogled kao na dlanu na cijeli Pariz i okolicu.  ( ulaznica uz doplatu na licu mjesta). Jednosatna plovidba brodom po Seini uz  najpoznatije  spomenike i mostove upotpuniti će dojam „grada svjetlosti“ (uz doplatu na licu mjesta). Pariz u večernjim satima sjaji posebnom ljepotom. Predlažemo odlazak na čuveni pariški cabaret show (upit i doplata na licu mjesta). Povratak u hotel. Noćenje.\n\n4. dan PARIZ - VERSAILLES    \nDoručak. Prijepodnevni izlet do Versaillesa, veličanstvenog dvorca Louisa XIV okruženog velikim vrtovima. Vrijeme za individualni posjet prostorijama dvorca ili šetnju parkom, najpoznatijim primjerom francuske geometrijske vrtne arhitekture. Grad Versailles zanimljivi je primjer klasicističkih otmjenih planski izgrađenih palača. Povratak u Pariz i nastavak razgleda grada. Posjet Montmartreu s kojeg se pruža prekrasna panorama na grad. Potpuno bijela crkva Srca Isusovog (Sacre Coeur) do koje se dolazi strmim stepenicama druga je najviša točka u gradu. Tu je i crkva St. Pierre, te trg Place Tertre, gdje slikari svoja djela prodaju izravno sa štafelaja, brojne trgovine i suvenirnice. Odlazak do muzeja Louvre i slobodno vrijeme za individualni posjet jednom od najpoznatijih svjetskih muzeja, kao i obližnjem muzeju Orsay, s remek djelima slikarstva 19. i 20. stoljeća. Slobodno vrijeme za šetnju po Champs Elysees, dodatne posjete muzejima, velikim robnim kućama na bulevaru Hausmann ili uživanje u pariškom ozračju. Navečer predlažemo odlazak na večeru u latinsku četvrt uz mnoštvo restorančića, francuskih specijaliteta i dobre atmosfere. Povratak u hotel. Noćenje.\n\n5. dan PARIZ (DVORAC CHANTILLY)(DISNEYLAND)\nDoručak. Slobodan dan za osobne programe u Parizu. Moguć odlazak na fakultaltivni izlet u dvorac Chantilly u okolici Pariza.(doplata na licu mjesta). Dvorac Chantilly jedan je od najimpresivnijih francuskih dvoraca. Umjetnička zbirka slika u dvorcu jedna je od najvećih u Francuskoj poslije muzeja Louvre. Bogato ukrašene privatne odaje burbonskih prinčeva, velika knjižnica, kraljevske štale s poznatom školom jahanja, ogromni vrtovi koji su dijelom remek djelo najvećeg francuskog arhitekta Le Notrea, engleski i kineski vrtovi, šume, jezera i paviljoni u parku oduševiti će svakog posjetitelja. Predlažemo i individualni odlazak u Disneyland, do kojeg se dolazi jednostavno uz upute pratitelja prigradskim vlakom RER. Cjelodnevni boravak u zabavnom parku uz niz atrakcija poput Gusara Kariba, vožnje rudarskim vlakićem, avanture Indiana Jonesa, kuće duhova, parade u glavnoj ulici, svemirske rakete, podmornice kapetana Nema, svijeta Divljeg Zapada, zemlje avantura, leta Petra Pana itd. Putnici koji ne žele na izlet u dvorac Chantilly ili u Disneyland mogu iskoristiti cijeli dan za osobne programe, šetnju, kupovinu ili uz upute pratitelja za posjet brojnim muzejima (npr. Vojno-povijesni muzej i Napoleonov grob, Pantheon, muzej impresionizma Marmottan, Muzej francuskih spomenika u palači Chaillot, etnografski muzej, muzej grada Pariza, Rodinov muzej-najljepši mali muzej Pariza itd.), spomenicima ili groblju Pere Lachaise, gradu nauke La Vilette i brojnim pariškim crkvama. Noćenje.\n\n6. dan PARIZ - STRASBOURG\nDoručak. Odlazak iz Pariza. Vožnja kroz Francusku uz kraća zaustavljanja putem radi odmora. Posjet Strasbourgu, glavnom gradu francuske regije Alzace. Razgled grada pješice: Petite France - Mala Francuska, dio svjetske baštine pod zaštitom UNESCO-a - spomenik Gutenbergu, upravo u Strasbourgu tijekom svog dužeg boravka u gradu, Gutenberg je zajedno s jednim zlatarom i drvodjeljom osmislio za tisak potrebna metalna tiskarska slova – katedrala Notre Dame, koja spada u najljepša gotička djela sjeverne Europe. Slobodno vrijeme u povijesnoj jezgri. Smještaj u hotel. Noćenje\n\n7. dan STRASBOURG - ULM - ZAGREB  \nDoručak. Odlazak iz hotela. Nastavak vožnje kroz Njemačku do Ulma. Šetnja s pratiteljem do poznate katedrale s najvišim crkvenim zvonikom na svijetu. Kraće slobodno vrijeme u središtu Ulma.  Nastavak putovanja kroz Njemačku, Austriju i Sloveniju uz kraća zaustavljanja putem radi odmora Dolazak u Zagreb u kasnim  satima.',5,1,450.00,'https://wallpaperaccess.com/full/1137473.jpg','https://cdn.wallpapersafari.com/62/21/F4m3UO.jpg','https://wallpaperaccess.com/full/919479.jpg','ACTIVE'),(84,'Prag','Češka Republika','Prag je glavni grad Češke Republike s predivnom arhitekturom, krivudavim uličicama te proslavljenim kulturnim znamenitostima kao što su Karlov most, Starogradski trg, Praški dvorac... Ljepota Praga je čarobna, te se stoga turisti koji ga jednom posjete redovito vraćaju.\n\n\n','<div>\n  <h4>1. DAN (21.11.2021. ČETVRTAK) – BIH</h4>\n  <br />\n\n  <p>\n    Polazak iz Sarajeva u predvečernjim satima. Noćna vožnja kroz Hrvatsku,\n    Sloveniju, Austriju...\n  </p>\n  <br />\n  <h4>2. DAN (22.11.2021. PETAK) - PRAG</h4>\n\n  <br />\n  <p>\n    ...sa dolaskom u Prag u podnevnim satima. Check in u hotel nakon 14.00h…\n    Slijedi fakultativno razgledanje grada: Vaclavske namesti sa spomenikom Sv.\n    Vaclava, Obecni dum i Prašna brana, Staromestske namesti, Tinova crkva,\n    stara Gradska kuća, Astronomski sat – Orloj, spomenik Janu Husu, Stara\n    židovska gradska kuća, Staronova sinagoga .Slobodno vrijeme. Povratak u\n    hotel. Slobodno vrijeme za invidiualne aktivnosti ili mogućnosti\n    Fakultativni odlazak u meki od najpoznatijih restorana ili pivnica u Pragu.\n    Noćenje.\n  </p>\n  <br />\n  <h4>3. DAN (23.11.2021. SUBOTA) – PRAG – KRSTARENJE VLTAVOM</h4>\n  <br />\n\n  <p>\n    Doručak. Nastavak fakultativnog razgledanja grada započetog prvog dana:\n    Hradčani, Kraljevski dvorac, smjena straže, Predsjednička palata, Katedrala\n    Sv. Vita, crkva Sv. Đorđa, Karlov most, spomenik Karlu IV, Rudolfinum.\n    Slobodno vrijeme. Slijedi fakultativni polazak na jednosatnu plovidbu\n    Vltavom . Doživite jedinstveni osjećaj krstarenja ovom magičnom rijekom i\n    upoznajte se sa glavnim znamenitostima grada Povratak u hotel.. Noćenje.\n  </p>\n\n  <br />\n  <h4>4. DAN (24.11.2019. NEDJELJA) - PRAG – DREZDEN - PRAG</h4>\n\n  <p>\n    Doručak. Slobodan dan za individualne aktivnosti ili fakultativni odlazak u\n    Drezden. . Cijelodnevni izlet u Drezden koji je udaljen od Praga 160 km.\n    Dresden je poznat kao grad umjetnosti i kulture. Mnogi su kulturni spomenici\n    obnovljeni nakon 2. svj. rata. Najpoznatija je zgrada opere Semperoper te\n    protestantska crkva Frauenkirche. Značajna je i katolička katedrala\n    Hofkirche. Sačuvan je dresdenski dvorac iz 15. st. koji je bio sjedište\n    saskih vojvoda, knezova i kraljeva. Povratak u Prag. Noćenje. 5. DAN\n    (25.11.2019. PONEDJELJAK) - PRAG – BEČ - SARAJEVO Doručak. Nakon doručka\n    izlazak iz hotela i polazak ka BiH. Usputna pauza u Beču, te slijedi kraći\n    GRATIS panoramski obilzak grada. Slobodno vrijeme. Nakon kraćeg odmora u\n    centru grada, nastavak putovanja prema BiH. Noćna vožnja... 6. DAN\n    (26.11.2019. UTORAK) - BiH\n  </p>\n</div>',4,2,300.00,'https://free4kwallpapers.com/uploads/originals/2015/10/08/charles-bridge-in-prague.jpg','https://www.tomorrowland.com/src/Frontend/Files/userfiles/images/Global%20Journey/Discover%20Europe/praag(1).jpg','https://wallpaperaccess.com/full/41213.jpg','ACTIVE'),(85,'Lisabon','Portugal','Tjedan dana u Portugalu je taman dovoljno da okusite jednu od najljepših europskih destinacija. Ako dolazite u ovu zemlju na vikend, fokusirajte se na Lisabon pa dođite ponovo. Šteta bi bilo da propustite Porto, Sintru, najzapadniju kopnenu točku europskog kontinenta Cabo da Roca ili pak obalu Algarve na samom jugu.','<div>\n  <h5>1. dan putovanja: SARAJEVO - LISABON\n  </h5>\n  <p>Sastanak putnika na Međunarodnom aerodromu SARAJEVO, kod šaltera informacija, u 11:00 sati. Let zrakoplovom Tap Air Portugal u 13:25 sati, s dolaskom u Lisabon u 15:50 sati. Po slijetanju u Lisabon slijedi transfer autobusom do najpoznatije lisabonske četvrti Belem, odakle su slavni portugalski moreplovci polazili u misije otkrivanja novih kontinenata. Slijedi razgled: Torre de Belem, Spomenik otkrićima, samostan sv. Jeronima - počivalište slavnog Vasca da Game, trg  Praça do Império, Kulturni centar Belem. Nastavak vožnje do hotela. Smještaj i kraći odmor. U večernjim satima nastavak razgleda pješice i javnim prijevozom: Trg Marques de Pombal, Avenida da Liberdade, Trg Rossio,  četvrt Baixa – središte grada, dizalo Santa Justa, trgovačka ulica Rua Augusta, trgovački trg Praça do Comércio sa Slavolukom i spomenikom kralju Joseu I., Lisabonska katedrala. Povratak u hotel. Noćenje.\n  </p>\n  <br>\n  \n  \n  \n  \n  <h5>2. dan putovanja: LISABON – izlet SINTRA – PENA – CABO DA ROCA – CASCAIS - ESTORIL\n  </h5>\n  <p>Doručak. Odlazak na cjelodnevni izlet u okolicu Lisabona (uz doplatu). Vožnja autobusom do Sintre, šarmantnog gradića i poznatog odmorišta portugalskih vladara. Šetnja središtem grada do Nacionalne palače, kraljevskog ljetnikovca iz 15. stoljeća. Najpoznatija znamenitost Sintre je čudesna palača Pena, izgrađena na stijeni i okružena raskošnim parkovima s mnoštvom različitih vrsta biljaka iz svih dijelova svijeta. Kombinacija različitih stilova gradnje i živopisnih boja daje dojam pravog dvorca iz bajke. Slobodno vrijeme za posjet i uživanje u zapanjujućem panoramskom pogledu na okolicu. Nastavak vožnje do najzapadnije točke europskog kontinenta, Cabo da Roca i slobodno vrijeme za fotografiranje. Slijedi vožnja do poznatog ljetovališta Cascais, te Estorila, gradića poznatog po utrci Formule 1. Povratak u Lisabon. Predlažemo zajednički odlazak na nacionalnu večeru uz fado program. Noćenje. \n  </p>\n  <br>\n  \n  <h5>3. dan putovanja: LISABON – izlet OBIDOS – NAZARE – BATALHA - FATIMA\n  </h5>\n  <p>Doručak. Odlazak na cjelodnevni izlet autobusom do Fatime (uz doplatu). Vožnja autobusom do Obidosa, jednog od najšarmantnijih portugalskih mjesta, potpuno okruženog zidinama srednjovjekovnog dvorca. Šetnja do crkve Santa Maria. Nastavak vožnje do Nazarea, poznatog ljetovališta na obalama Atlantskog oceana, s dugačkom pješčanom plažom i slobodno vrijeme za ručak. Vožnja do Batalhe i posjet samostanu Santa Maria da Victoria, najljepšem primjeru gotičke arhitekture u Portugalu, s grobnicama nekih od najznačajnijih vladara Portugala. Izlet završava u Fatimi, poznatom marijanskom svetištu. Posjet Kapeli ukazanja, u samom središtu svetišta, izgrađenoj na mjestu Gospina ukazanja. Mjesto ukazanja obilježeno je mramornim stupom na kojem je postavljen kip Gospe. Povratak u Lisabon. Slobodno vrijeme. Noćenje.\n  </p>\n  <br>\n  \n  <h5>4. dan putovanja: LISABON\n  </h5>\n  <p>Doručak. Slobodan dan za vlastito istraživanje grada. Predlažemo posjet Parku nacija, Parque das Nações, modernom dijelu grada, u kojem se nalaz trgovački centar Vasco da Gama, kolodvor Oriente - spektakularna građevina nadahnuta gotičkom arhitekturom, Lisabonski oceanarij, most Vasco de Gama na rijeci Tajo – najduži most u Europi. U popodnevnim satima odlazak do živopisne četvrti Bairro Alto, boemske četvrt prepune restorana, kavana, galerija i trgovina. Predlažemo vožnju legendarnim, žutim tramvajem br. 28, uskim ulicama središta grada i posjet Tvrđavi Sao Jorge s jedinstvenim panoramskim pogledom na grad. Povratak u hotel. Noćenje.\n  </p>\n  <br>\n  \n  <h5>5. dan putovanja: LISABON – SARAJEVO\n  </h5>\n  <p>Odjava iz hotel u 5:30 sati (breakfast box umjesto doručka). Vožnja autobusom do zračne luke u Lisabonu. Let zrakoplovom TAP Air Portugal u 08:00 sati. Dolazak u Zagreb u 12:05 sati.\n  </p>\n  <br>\n  \n  <h6><b>First minute cijena vrijedi za uplate do 45 dana prije putovanja ili do popunjenja mjesta.</b></h6>\n</div>\n\n',5,1,480.00,'https://media.egorealestate.com/ORIGINAL/e3ef18af-0383-4f56-b558-4c08f08643dc.jpg','https://assets.tivolihotels.com/image/upload/q_auto,f_auto/media/minor/tivoli/images/destination/lisboa/thr_top_lisbon_1920x1000_res.jpg','https://wallsdesk.com/wp-content/uploads/2017/01/Lisbon-HD.jpg','ACTIVE'),(86,'Makarska','Hrvatska','ssssssssssssssss','<p> Hajde<br /><b>Hajde</b>hajde</p>',4,2,90.00,'https://s1.1zoom.me/b5050/260/342737-svetik_1920x1080.jpg','','','INACTIVE'),(87,'Sankt Petersburg','Rusija','Malo je gradova koji tokom čitave sezone mogu ponuditi takve atrakcije i izazvati bujicu raspoloženja kod turista, kao što to radi Sankt Peterburg, grad careva. Od živih boja proljeća, preko dugih i sunčanih ljetnih dana i beskrajnih sutona čuvenih Bijelih noći, svijetlo zlatnog jesenjeg sunca sve do svježih, bijelih zima, Sankt Peterburg nudi razne čarolije svojim posjetiocima.','<div>\n\n  <h5>  1. dan: Sarajevo – Sankt Peterburg\n  </h5>\n  <p>Sastanak grupe na aerodromu Nikola Tesla, Beograd, dva sata pre leta. Let za St.Peterburg prko Moskve SU2093+SU6 670 u 00.45h. Dolazak u Peterburg na aerodrom Pulkovo u 08.25h po lokalnom vremenu. Doručak po dolasku. Polazak na panoramsko razgledanje grada autobusom. Srce grada je Nevski prospekt, avenija duž koje su smeštene neke od najlepših i najvažnijih građevina. Admiralitet, zdanje u ruskom imperijalnom stilu, podseća na vreme kada je Rusija bila velika pomorska sila. U blizini je impozantni Dvorski trg sa stubom cara Aleksandra na sredini. Čuveni Zimski dvorac je mesto mnogih istorijskih događaja, a Ermitaž najveći muzej na svetu i jedan od najstarijih aktivnih muzeja sa zbirkom od preko tri miliona umetničkih dela. Obilazak Petropavlovske tvrđave, koju je 1703. izgradio Petar I. Danas se ova tvrdjava na Zečijem ostrvu u reci Nevi koristi kao muzej i prostor za izložbe. Takodje je jedan od sanktpeterburških spomenika pod zaštitom UNESCO. U njoj je i Petropavlovska saborna crkva, u kojoj su sahranjeni svi ruski carevi. Transfer do hotela, smeštaj u odgovarajuće sobe. Slobodno vreme. Noćenje.\n  </p>\n  <p><b>BESPLATNO: Panoramsko razgledanje grada i Petropavlovske tvrđave i doručak\n  </b></p>\n  <br>\n  \n\n\n<h5>2. dan: Sankt Peterburg – Ermitaž\n</h5>\n<p>Doručak. Slobodno vreme ili polazak na fakultativno razgledanje Ermitaža – najvećeg muzeja na svetu sa preko tri miliona eksponata izloženih u šest zgrada na obali Neve. Glavna zgrada je Zimski dvorac, nekada zvanična rezidencija ruskih careva. Kolekcija muzeja vuče korene još iz 1764. iz zbirke umetničkih predmeta carice Katarine II. Najznačajnije zbirke su svakako one sa delima Mikelanđela, Da Vinčija, Rembranta, Rubensa, Van Goga, Pikasa, Matisa… Respektabilna je i arheološka zbirka, kao i zbirka evropske srednjevekovne umetnosti. „Galerija s blagom“ je više od fascinacije a „Rafaelov hodnik“ kopija poznate galerije u Vatikanu, neizbrisiv utisak za sva vremena. Slobodno posle podne ili Fakultativn odlazak na krstarenje rekom Nevom i petrogradskim kanalima. Povratak u hotel. Fakultativni odlazak na rusko folklorno veče. Slobodno vreme. Noćenje\n</p>\n<p><b>BESPLATNO: Ručak u okviru ture (za one koji uplate turu) \n</b></p>\n<p><b>FAKULTATIVNO: Ermitaž , Krstarenje Nevom i kanalima, Odlazak na rusko folklorno veče\n</b></p>\n<br>\n\n\n<h5>3. dan: Sankt Peterburg – Carsko selo (Puškinovo selo)\n</h5>\n<p>Doručak. Slobodno vreme ili polazak na celodnevni fakultativni izlet u Carsko selo, simbol preporoda Rusije i njene kulture. Katarinina palata je bivša carska palata, zvanična letnja rezidencija tri ruska monarha. Poklon je cara Petra I supruzi Katarini u čast rođenja ćerke Jelisavete. Kada je preuzela tron, po nacrtu čuvenog italijanskog arhitekte Rastrelija, a po naredjenju Jelisavete, sagrađen je raskošan dvorac okružen prelepim parkom čiji su ukras mnogobrojne statue. Do Drugog svetskog rata Carsko selo je bilo letnja carska rezidencija. Sredinom 20. veka krenulo se u restauraciju jedne od najvećih turističkih atrakcija Sankt Peterburga. Ručak. Povratak u hotel. Slobodno veče ili fakultativni odlazak na noćno krstarenje rekom Nevom uz posmatranje otvaranja mostova na Nevi tokom BELE NOĆI i petrogradskim kanalima. Noćenje.\n</p>\n<p><b>FAKULTATIVNO: Carsko Selo (Puškinovo) , odlazak na noćno krstarenje rekom Nevom sa posmatranjem otvaranja mostova\n</b></p>\n<br>\n\n<h5>4. dan: Sankt Peterburg – Gradske crkve\n</h5>\n<p>Doručak. Slobodno vreme ili polazak na poludnevni fakultativni izlet obilaska tri veličanstvene pravoslavne crkve: Isakijevska saborna crkva, jedan od simbola grada i najbolji primer ruskog crkvenog graditeljstva; Crkva Hrista “na krvi”, sagrađena na mestu atentata na cara Aleksandra II; Kazanjska katedrala, sagrađena po obrascu bazilike Svetog Petra u Rimu. Povratak u hotel. Slobodno vreme ili   Ruski balet “Labudovo jezero”. Noćenje.\n</p>\n<p><b>FAKULTATIVNO: Obilazak tri saborna hrama ; Ruski balet “Labudovo jezero”\n</b></p>\n<br>\n\n<h5>5. dan: Sankt Peterburg – Peterhof\n</h5>\n<p>Doručak. Slobodno vreme ili polazak na poludnevno fakultativno razgledanje Peterhofa ili Petrovog dvorca i parka. Nalazi se na obali Finskog zaliva, dvadesetak kilometara zapadno od Sankt Peterburga. Izgradio ga je Petar Veliki 1705. godine. Sve do Oktobarske revolucije služio je kao carska rezidencija, da bi 1918. bio pretvoren u muzej. U Drugom svetskom ratu okupirali su ga nacisti a nešto kasnije u bombardovanju i potpuno razrušili. Posle rata započeta je rekonstrukcija koja traje i danas. Brojne fontane, zbog kojih je ovaj muzej dobio ime „ruski Versaj“, ponovo su proradile 1946. Godinu dana kasnije napravljena je i kopija statue Samsona, a ubrzo je na svetlost dana izašla i sva lepota barokne arhitekture Peterhofa čiji su ukras ne samo park, već i brojne fontane (više od 100). Dvorac Peterhof i njegov park sa fontanama su na listi svetske baštine UNESCO. Povratak u hotel. Slobodno vreme. Noćenje.\n</p>\n<p><b>FAKULTATIVNO: Peterhof.\n</b></p>\n<br>\n\n\n<h5>6. dan: Sankt Peterburg – Sarajevo\n</h5>\n<p>Doručak. Slobodno vreme do polaska na aerodrom. Transfer do aerodroma. Let za Beograd SU17 u 13:50h po lokalnom vremenu preko Moskve, 1 stop. Sletanje u Beograd 19:25h. Kraj programa.\n</p>\n<br>\n</div>',6,1,650.00,'https://cdn.wallpapersafari.com/8/60/Fi2sZ4.jpg','https://7wallpapers.net/wp-content/uploads/6_Saint-Petersburg.jpg','https://s1.1zoom.me/big0/310/Russia_St._Petersburg_Hermitage_Museum_Museum_552828_1280x800.jpg','ACTIVE'),(88,'Pariz','Francuska','Grad svjetla, mode, kulture, romantike, provoda i odlične kuhinje nije samo francuska, nego i istinska kozmopolitska prijestolnica! Već desetljećima očarava posjetitelje svojim znamenitostima, ali ni dalje ne gubi na popularnosti te ga milijuni turista svake godine čine jednim od najposjećenijih svjetskih odredišta.\n','\n<div><h4>1. dan ZAGREB - MÜNCHEN - STUTTGART</h4>\n<p>Polazak iz Zagreba u 05:00 sati s Autobusnog kolodvora, turistički peroni 502-506. Vožnja kroz Sloveniju, Austriju i Njemačku uz kraća zaustavljanja putem. Dolazak u <b>München</b>. Razgled gradskog središta bavarske metropole: glavni trg Marienplatz – gradska vijećnica – katedrala Frauenkirche – tržnica Viktualienmarkt – trgovačka ulica Kaufringerstrasse. <h6>Slobodno</h6>Slobodno vrijeme u <h3>MAnji naslov</h3>gradskom središtu za kupovinu, šetnju i osobne programe. Nastavak puta kroz Njemačku. Smještaj u hotel u blizini njemačko-francuske granice u okolici Stuttgarta. Noćenje.</p>\n</div>\n\nPolazak iz Zagreba u 05:00 sati s Autobusnog kolodvora, turistički peroni 502-506. Vožnja kroz Sloveniju, Austriju i Njemačku uz kraća zaustavljanja putem. Dolazak u München. Razgled gradskog središta bavarske metropole: glavni trg Marienplatz – gradska vijećnica – katedrala Frauenkirche – tržnica Viktualienmarkt – trgovačka ulica Kaufringerstrasse. Slobodno vrijeme u gradskom središtu za kupovinu, šetnju i osobne programe. Nastavak puta kroz Njemačku. Smještaj u hotel u blizini njemačko-francuske granice u okolici Stuttgarta. Noćenje.\n\n2. dan STUTTGART - REIMS - PARIZ\nDoručak. Nastavak vožnje prema  Francuskoj. Vožnja kroz francuske pokrajine Alzace i Lorraine uz kraća zaustavljanja putem radi odmora. Zaustavljanje u Reimsu povijesnom gradu Champagne, vidjet ćemo katedralu Notre Dame, najsavršeniju gotičku crkvu na svijetu, poznatu po krunidbi francuskih kraljeva. Nastavak vožnje prema Parizu. Po dolasku vožnja slavnom avenijom Champs Elysees, jednom od najpoznatijih i najljepših  ulica na svijetu kao prvi uvod u upoznavanje „grada svjetlosti“. Panoramska vožnja avenijama i bulevarima Pariza. Smještaj u hotel. Noćenje.\n\n3. dan PARIZ\nDoručak. Nastavak razgleda Pariza autobusom i pješice: trg Bastille – četvrt Marais – gradska vijećnica - veliki bulevari - trgovi Vendome, Concorde i Madeleine - Opera - Slavoluk pobjede - Hotel des Invalides - Luksemburški park - Latinska četvrt - Sorbonne - Panteon. Moguć posjet  tornju Montparnasse, najvišoj građevinu Pariza. S panoramskog vidikovca na ovoj najvišoj pariškoj građevini pruža se pogled kao na dlanu na cijeli Pariz i okolicu.  ( ulaznica uz doplatu na licu mjesta). Jednosatna plovidba brodom po Seini uz  najpoznatije  spomenike i mostove upotpuniti će dojam „grada svjetlosti“ (uz doplatu na licu mjesta). Pariz u večernjim satima sjaji posebnom ljepotom. Predlažemo odlazak na čuveni pariški cabaret show (upit i doplata na licu mjesta). Povratak u hotel. Noćenje.\n\n4. dan PARIZ - VERSAILLES    \nDoručak. Prijepodnevni izlet do Versaillesa, veličanstvenog dvorca Louisa XIV okruženog velikim vrtovima. Vrijeme za individualni posjet prostorijama dvorca ili šetnju parkom, najpoznatijim primjerom francuske geometrijske vrtne arhitekture. Grad Versailles zanimljivi je primjer klasicističkih otmjenih planski izgrađenih palača. Povratak u Pariz i nastavak razgleda grada. Posjet Montmartreu s kojeg se pruža prekrasna panorama na grad. Potpuno bijela crkva Srca Isusovog (Sacre Coeur) do koje se dolazi strmim stepenicama druga je najviša točka u gradu. Tu je i crkva St. Pierre, te trg Place Tertre, gdje slikari svoja djela prodaju izravno sa štafelaja, brojne trgovine i suvenirnice. Odlazak do muzeja Louvre i slobodno vrijeme za individualni posjet jednom od najpoznatijih svjetskih muzeja, kao i obližnjem muzeju Orsay, s remek djelima slikarstva 19. i 20. stoljeća. Slobodno vrijeme za šetnju po Champs Elysees, dodatne posjete muzejima, velikim robnim kućama na bulevaru Hausmann ili uživanje u pariškom ozračju. Navečer predlažemo odlazak na večeru u latinsku četvrt uz mnoštvo restorančića, francuskih specijaliteta i dobre atmosfere. Povratak u hotel. Noćenje.\n\n5. dan PARIZ (DVORAC CHANTILLY)(DISNEYLAND)\nDoručak. Slobodan dan za osobne programe u Parizu. Moguć odlazak na fakultaltivni izlet u dvorac Chantilly u okolici Pariza.(doplata na licu mjesta). Dvorac Chantilly jedan je od najimpresivnijih francuskih dvoraca. Umjetnička zbirka slika u dvorcu jedna je od najvećih u Francuskoj poslije muzeja Louvre. Bogato ukrašene privatne odaje burbonskih prinčeva, velika knjižnica, kraljevske štale s poznatom školom jahanja, ogromni vrtovi koji su dijelom remek djelo najvećeg francuskog arhitekta Le Notrea, engleski i kineski vrtovi, šume, jezera i paviljoni u parku oduševiti će svakog posjetitelja. Predlažemo i individualni odlazak u Disneyland, do kojeg se dolazi jednostavno uz upute pratitelja prigradskim vlakom RER. Cjelodnevni boravak u zabavnom parku uz niz atrakcija poput Gusara Kariba, vožnje rudarskim vlakićem, avanture Indiana Jonesa, kuće duhova, parade u glavnoj ulici, svemirske rakete, podmornice kapetana Nema, svijeta Divljeg Zapada, zemlje avantura, leta Petra Pana itd. Putnici koji ne žele na izlet u dvorac Chantilly ili u Disneyland mogu iskoristiti cijeli dan za osobne programe, šetnju, kupovinu ili uz upute pratitelja za posjet brojnim muzejima (npr. Vojno-povijesni muzej i Napoleonov grob, Pantheon, muzej impresionizma Marmottan, Muzej francuskih spomenika u palači Chaillot, etnografski muzej, muzej grada Pariza, Rodinov muzej-najljepši mali muzej Pariza itd.), spomenicima ili groblju Pere Lachaise, gradu nauke La Vilette i brojnim pariškim crkvama. Noćenje.\n\n6. dan PARIZ - STRASBOURG\nDoručak. Odlazak iz Pariza. Vožnja kroz Francusku uz kraća zaustavljanja putem radi odmora. Posjet Strasbourgu, glavnom gradu francuske regije Alzace. Razgled grada pješice: Petite France - Mala Francuska, dio svjetske baštine pod zaštitom UNESCO-a - spomenik Gutenbergu, upravo u Strasbourgu tijekom svog dužeg boravka u gradu, Gutenberg je zajedno s jednim zlatarom i drvodjeljom osmislio za tisak potrebna metalna tiskarska slova – katedrala Notre Dame, koja spada u najljepša gotička djela sjeverne Europe. Slobodno vrijeme u povijesnoj jezgri. Smještaj u hotel. Noćenje\n\n7. dan STRASBOURG - ULM - ZAGREB  \nDoručak. Odlazak iz hotela. Nastavak vožnje kroz Njemačku do Ulma. Šetnja s pratiteljem do poznate katedrale s najvišim crkvenim zvonikom na svijetu. Kraće slobodno vrijeme u središtu Ulma.  Nastavak putovanja kroz Njemačku, Austriju i Sloveniju uz kraća zaustavljanja putem radi odmora Dolazak u Zagreb u kasnim  satima.',7,1,890.00,'https://wallpaperaccess.com/full/1137473.jpg','https://cdn.wallpapersafari.com/62/21/F4m3UO.jpg','https://wallpaperaccess.com/full/919479.jpg','INACTIVE'),(89,'Pariz','Francuska','Grad svjetla, mode, kulture, romantike, provoda i odlične kuhinje nije samo francuska, nego i istinska kozmopolitska prijestolnica! Već desetljećima očarava posjetitelje svojim znamenitostima, ali ni dalje ne gubi na popularnosti te ga milijuni turista svake godine čine jednim od najposjećenijih svjetskih odredišta.\n','\n<div><h4>1. dan ZAGREB - MÜNCHEN - STUTTGART</h4>\n<p>Polazak iz Zagreba u 05:00 sati s Autobusnog kolodvora, turistički peroni 502-506. Vožnja kroz Sloveniju, Austriju i Njemačku uz kraća zaustavljanja putem. Dolazak u <b>München</b>. Razgled gradskog središta bavarske metropole: glavni trg Marienplatz – gradska vijećnica – katedrala Frauenkirche – tržnica Viktualienmarkt – trgovačka ulica Kaufringerstrasse. <h6>Slobodno</h6>Slobodno vrijeme u <h3>MAnji naslov</h3>gradskom središtu za kupovinu, šetnju i osobne programe. Nastavak puta kroz Njemačku. Smještaj u hotel u blizini njemačko-francuske granice u okolici Stuttgarta. Noćenje.</p>\n</div>\n\nPolazak iz Zagreba u 05:00 sati s Autobusnog kolodvora, turistički peroni 502-506. Vožnja kroz Sloveniju, Austriju i Njemačku uz kraća zaustavljanja putem. Dolazak u München. Razgled gradskog središta bavarske metropole: glavni trg Marienplatz – gradska vijećnica – katedrala Frauenkirche – tržnica Viktualienmarkt – trgovačka ulica Kaufringerstrasse. Slobodno vrijeme u gradskom središtu za kupovinu, šetnju i osobne programe. Nastavak puta kroz Njemačku. Smještaj u hotel u blizini njemačko-francuske granice u okolici Stuttgarta. Noćenje.\n\n2. dan STUTTGART - REIMS - PARIZ\nDoručak. Nastavak vožnje prema  Francuskoj. Vožnja kroz francuske pokrajine Alzace i Lorraine uz kraća zaustavljanja putem radi odmora. Zaustavljanje u Reimsu povijesnom gradu Champagne, vidjet ćemo katedralu Notre Dame, najsavršeniju gotičku crkvu na svijetu, poznatu po krunidbi francuskih kraljeva. Nastavak vožnje prema Parizu. Po dolasku vožnja slavnom avenijom Champs Elysees, jednom od najpoznatijih i najljepših  ulica na svijetu kao prvi uvod u upoznavanje „grada svjetlosti“. Panoramska vožnja avenijama i bulevarima Pariza. Smještaj u hotel. Noćenje.\n\n3. dan PARIZ\nDoručak. Nastavak razgleda Pariza autobusom i pješice: trg Bastille – četvrt Marais – gradska vijećnica - veliki bulevari - trgovi Vendome, Concorde i Madeleine - Opera - Slavoluk pobjede - Hotel des Invalides - Luksemburški park - Latinska četvrt - Sorbonne - Panteon. Moguć posjet  tornju Montparnasse, najvišoj građevinu Pariza. S panoramskog vidikovca na ovoj najvišoj pariškoj građevini pruža se pogled kao na dlanu na cijeli Pariz i okolicu.  ( ulaznica uz doplatu na licu mjesta). Jednosatna plovidba brodom po Seini uz  najpoznatije  spomenike i mostove upotpuniti će dojam „grada svjetlosti“ (uz doplatu na licu mjesta). Pariz u večernjim satima sjaji posebnom ljepotom. Predlažemo odlazak na čuveni pariški cabaret show (upit i doplata na licu mjesta). Povratak u hotel. Noćenje.\n\n4. dan PARIZ - VERSAILLES    \nDoručak. Prijepodnevni izlet do Versaillesa, veličanstvenog dvorca Louisa XIV okruženog velikim vrtovima. Vrijeme za individualni posjet prostorijama dvorca ili šetnju parkom, najpoznatijim primjerom francuske geometrijske vrtne arhitekture. Grad Versailles zanimljivi je primjer klasicističkih otmjenih planski izgrađenih palača. Povratak u Pariz i nastavak razgleda grada. Posjet Montmartreu s kojeg se pruža prekrasna panorama na grad. Potpuno bijela crkva Srca Isusovog (Sacre Coeur) do koje se dolazi strmim stepenicama druga je najviša točka u gradu. Tu je i crkva St. Pierre, te trg Place Tertre, gdje slikari svoja djela prodaju izravno sa štafelaja, brojne trgovine i suvenirnice. Odlazak do muzeja Louvre i slobodno vrijeme za individualni posjet jednom od najpoznatijih svjetskih muzeja, kao i obližnjem muzeju Orsay, s remek djelima slikarstva 19. i 20. stoljeća. Slobodno vrijeme za šetnju po Champs Elysees, dodatne posjete muzejima, velikim robnim kućama na bulevaru Hausmann ili uživanje u pariškom ozračju. Navečer predlažemo odlazak na večeru u latinsku četvrt uz mnoštvo restorančića, francuskih specijaliteta i dobre atmosfere. Povratak u hotel. Noćenje.\n\n5. dan PARIZ (DVORAC CHANTILLY)(DISNEYLAND)\nDoručak. Slobodan dan za osobne programe u Parizu. Moguć odlazak na fakultaltivni izlet u dvorac Chantilly u okolici Pariza.(doplata na licu mjesta). Dvorac Chantilly jedan je od najimpresivnijih francuskih dvoraca. Umjetnička zbirka slika u dvorcu jedna je od najvećih u Francuskoj poslije muzeja Louvre. Bogato ukrašene privatne odaje burbonskih prinčeva, velika knjižnica, kraljevske štale s poznatom školom jahanja, ogromni vrtovi koji su dijelom remek djelo najvećeg francuskog arhitekta Le Notrea, engleski i kineski vrtovi, šume, jezera i paviljoni u parku oduševiti će svakog posjetitelja. Predlažemo i individualni odlazak u Disneyland, do kojeg se dolazi jednostavno uz upute pratitelja prigradskim vlakom RER. Cjelodnevni boravak u zabavnom parku uz niz atrakcija poput Gusara Kariba, vožnje rudarskim vlakićem, avanture Indiana Jonesa, kuće duhova, parade u glavnoj ulici, svemirske rakete, podmornice kapetana Nema, svijeta Divljeg Zapada, zemlje avantura, leta Petra Pana itd. Putnici koji ne žele na izlet u dvorac Chantilly ili u Disneyland mogu iskoristiti cijeli dan za osobne programe, šetnju, kupovinu ili uz upute pratitelja za posjet brojnim muzejima (npr. Vojno-povijesni muzej i Napoleonov grob, Pantheon, muzej impresionizma Marmottan, Muzej francuskih spomenika u palači Chaillot, etnografski muzej, muzej grada Pariza, Rodinov muzej-najljepši mali muzej Pariza itd.), spomenicima ili groblju Pere Lachaise, gradu nauke La Vilette i brojnim pariškim crkvama. Noćenje.\n\n6. dan PARIZ - STRASBOURG\nDoručak. Odlazak iz Pariza. Vožnja kroz Francusku uz kraća zaustavljanja putem radi odmora. Posjet Strasbourgu, glavnom gradu francuske regije Alzace. Razgled grada pješice: Petite France - Mala Francuska, dio svjetske baštine pod zaštitom UNESCO-a - spomenik Gutenbergu, upravo u Strasbourgu tijekom svog dužeg boravka u gradu, Gutenberg je zajedno s jednim zlatarom i drvodjeljom osmislio za tisak potrebna metalna tiskarska slova – katedrala Notre Dame, koja spada u najljepša gotička djela sjeverne Europe. Slobodno vrijeme u povijesnoj jezgri. Smještaj u hotel. Noćenje\n\n7. dan STRASBOURG - ULM - ZAGREB  \nDoručak. Odlazak iz hotela. Nastavak vožnje kroz Njemačku do Ulma. Šetnja s pratiteljem do poznate katedrale s najvišim crkvenim zvonikom na svijetu. Kraće slobodno vrijeme u središtu Ulma.  Nastavak putovanja kroz Njemačku, Austriju i Sloveniju uz kraća zaustavljanja putem radi odmora Dolazak u Zagreb u kasnim  satima.',7,1,890.00,'https://wallpaperaccess.com/full/1137473.jpg','https://cdn.wallpapersafari.com/62/21/F4m3UO.jpg','https://wallpaperaccess.com/full/919479.jpg','INACTIVE'),(90,'London','Ujedinjeno Kraljevstvo','Putovanje u London, 4 dana, hotel u centru grada, u cijenu uključen bogati engleski doručak, odlično vodstvo, najpovoljnije cijene. Garantirani polasci. Provjereni program! Avionom iz Sarajeva.','<div><h3>1.dan SARAJEVO – LONDON</h3>\n<br/>\n<p>Sastanak putnika u zračnoj luci Franjo Tuđman kod šaltera informacija na odlaznom terminalu, 2 sata prije leta ( svi letovi su navedeni ispod programa ) gdje će Vam voditelj putovanja podijeliti putnu dokumentaciju. Prijava za let za London. Po slijetanju u London slijedi transfer do grada te panoramski razgled grada: Kensington gardens, Albert Memorial, Royal Albert Hall, Hyde Park, Westminsterska opatija, Parlament, Big Ben, London Eye, Trafalgar Square… Smještaj u hotel i kraći odmor. Šetnja s voditeljem putovanja pokraj British museuma do centra večernjeg života Londona. Povratak u hotel. Noćenje.</p>\n<br/>\n<h3>2.dan LONDON– izlet u Greenwich</h3>\n<br/>\n<p>Doručak. Predlažemo poludnevni izlet brodom po rijeci Temzi do Greenwicha kojim prolazi nulti meridijan, a Greenwich je poznat i po kraljevskim muzejima, najvećem pomorskom muzeju i opservatoriju. Na Greenwich marketu isprobat ćemo specijalitete svjetskih kuhinja po povoljnim cijenama. Slobodno poslijepodne. Predlažemo odlazak u Tower of London (najstarija kraljevska rezidencija u kojoj se čuvaju kraljevski dragulji – jedna od TOP atrakcija Londona), šetnju preko Tower Bridgea južnom obalom Temze, tzv. Queenswalk do jednog od najstarijih pubova u Londonu koji su posjećivali Shakespeare i Charles Dickens te do replike gusarskog broda Golden Hinde kojim je Sir Francis Drake u 16. st. oplovio svijet. Šetnja vodi do Shakespearova kazališta – The Globe Theatre, Tate Modern galerije i preko Milenijskog mosta do predivne katedrale St. Paul kojom dominira 108m visoka kupola, druga po veličini nakon one Sv. Petra u Vatikanu. Slobodno vrijeme. Navečer predlažemo odlazak na neku od čuvenih kazališnih predstava na londonskom West Endu. Povratak u hotel. Noćenje.</p>\n<br/>\n<h3>3.dan LONDON </h3>\n<br/>\n<p>Doručak. Razgled grada pješice i javnim gradskim prijevozom. Prošetat ćemo po Whitehallu, gdje su smještena vladina ministarstva, vidjeti Parlament i satnu kulu Big Ben, Downing street gdje se nalazi službena rezidencija britanskog premijera, slikati se uz nepomičnu kraljičinu stražu na Horse Guard Parade, prošetati St. James parkom do kraljevske rezidencije Buckingham Palace. Posjetit ćemo najveći londonski trg Trafalgar Square na kojem se nalazi Nacionalna galerija sa svjetski poznatim majstorima likovne umjetnosti. Napravite vožnju na poznatom kotaču London Eye i doživite London sa 137m visine. Slobodno poslijepodne. . Predlažemo odlazak u čuveni muzej voštanih figura – Madame Tussauds, najstariji muzej voštanih figura na svijetu. Prošetajte najpoznatijom europskom shopping ulicom Oxford Street, posjetite robne kuće Selfridges i Primark, a svakako preporučamo i šetnju raskošnom Regent ulicom u kojoj se nalazi i Hamleys – jedna od najvećih prodavaonica dječjih igračaka u svijetu na čak 7 katova. Navečer predlažemo zajednički odlazak u tradicionalni pub. Kušajte čuveni fish&chips uz nezaobilazno pivo. Povratak u hotel. Noćenje.</p>\n<br/>\n\n<h3>4.dan LONDON – SARAJEVO</h3>\n<br/>\n<p>Doručak.  Za ljubitelje muzeja predlažemo poznati British Museum, muzej povijesti koji se nalazi u blizini našeg hotela ili posjetite muzeje u četvrti Kensington, prema vlastitim afinitetima koji se nalaze jedan do drugog: Prirodoslovni muzej, Victoria i Albert muzej te Muzej znanosti (ulaz besplatan). Transfer do zračne luke. Let za Zagreb. Kraj programa.\n\nRaspored obilaska podložan je promjenama prema procjeni voditelja putovanja.\n</p>\n</div>',4,1,350.00,'https://i.pinimg.com/originals/53/df/df/53dfdfe34a87c1e15b5579b77cb38d3b.jpg','https://wallpapercave.com/wp/wp2981069.jpg','https://i.pinimg.com/originals/51/46/e0/5146e0a4a3d1a0427ec515f718d5ad2b.jpg','ACTIVE'),(91,'Prag','Češka Republika','Prag je glavni grad Češke Republike s predivnom arhitekturom, krivudavim uličicama te proslavljenim kulturnim znamenitostima kao što su Karlov most, Starogradski trg, Praški dvorac... Ljepota Praga je čarobna, te se stoga turisti koji ga jednom posjete redovito vraćaju.\n\n\n','. DAN  (21.11.2019. ČETVRTAK) – BIH\n\nPolazak iz Sarajeva u predvečernjim satima. Noćna vožnja kroz Hrvatsku, Sloveniju, Austriju...\n\n2. DAN (22.11.2019. PETAK) -  PRAG\n\n...sa dolaskom u Prag u podnevnim satima. Check in u hotel nakon 14.00h… Slijedi fakultativno razgledanje grada: Vaclavske namesti sa spomenikom Sv. Vaclava, Obecni dum i Prašna brana, Staromestske namesti, Tinova crkva, stara Gradska kuća, Astronomski sat – Orloj, spomenik Janu Husu, Stara židovska gradska kuća, Staronova sinagoga .Slobodno vrijeme. Povratak u hotel. Slobodno vrijeme za invidiualne aktivnosti ili mogućnosti Fakultativni odlazak u meki od najpoznatijih restorana ili pivnica u Pragu. Noćenje.\n\n3. DAN (23.11.2019. SUBOTA) – PRAG – KRSTARENJE VLTAVOM\n\nDoručak. Nastavak fakultativnog razgledanja grada započetog prvog dana: Hradčani, Kraljevski dvorac, smjena straže, Predsjednička palata, Katedrala Sv. Vita, crkva Sv. Đorđa, Karlov most, spomenik Karlu IV, Rudolfinum. Slobodno vrijeme. Slijedi fakultativni polazak na jednosatnu plovidbu Vltavom . Doživite jedinstveni osjećaj krstarenja ovom magičnom rijekom i upoznajte se sa glavnim  znamenitostima grada Povratak u hotel.. Noćenje.\n\n4. DAN (24.11.2019. NEDJELJA) - PRAG – DREZDEN - PRAG\n\nDoručak. Slobodan dan za individualne aktivnosti ili fakultativni odlazak u Drezden.\n\n. Cijelodnevni izlet u Drezden koji je udaljen od Praga 160 km. Dresden je poznat kao grad umjetnosti i kulture. Mnogi su kulturni spomenici obnovljeni nakon 2. svj. rata. Najpoznatija je zgrada opere Semperoper te protestantska crkva Frauenkirche. Značajna je i katolička katedrala Hofkirche. Sačuvan je dresdenski dvorac iz 15. st. koji je bio sjedište saskih vojvoda, knezova i kraljeva. Povratak u Prag. Noćenje.\n\n5. DAN (25.11.2019. PONEDJELJAK) - PRAG – BEČ - SARAJEVO\n\nDoručak. Nakon doručka izlazak iz hotela i polazak ka BiH. Usputna pauza u Beču, te slijedi kraći GRATIS panoramski obilzak grada. Slobodno vrijeme. Nakon kraćeg odmora u centru grada, nastavak putovanja prema BiH. Noćna vožnja...\n\n6. DAN (26.11.2019. UTORAK) - BiH',11,2,560.00,'https://www.tomorrowland.com/src/Frontend/Files/userfiles/images/Global%20Journey/Discover%20Europe/praag(1).jpg','https://www.tomorrowland.com/src/Frontend/Files/userfiles/images/Global%20Journey/Discover%20Europe/praag(1).jpg','https://wallpaperaccess.com/full/41213.jpg','INACTIVE'),(92,'BJELAŠNICA HIKE, BIKE & RAFT TOUR (3 DAYS)','Bosna i Hercegovina','3 DAYS OF ACTIVE HOLIDAY','<div>\n    <h4>Day 1: SARAJEVO - UMOLJANI -</h4>\n    <br />\n    <p>\n        Transfer from Sarajevo to Umoljani highland village, with a full day walk in the Bjelasnica Mountains, ascending Obalj peak (1,896m) and visiting Lukomir, Bosnia and Herzegovina’s highest village (1,469m). After transfer from Sarajevo to mountain, we\n        will hike to Obalj and Lukomir village. After a simple but tasty homemade late lunch during the walk, we hike back via alternative route back to our accommodation at Umoljani Village.\n    </p>\n    <br />\n    <h4>Day 2: BJELAŠNICA AND VISOČICA</h4>\n    <br />\n    <p>\n        Full day biking in the Bjelašnica and Visočica mountains down to Boračko Lake, over two mountain passes, with magnificent views of Prenj and its peaks. Highlight is amazing downhill ride to valley on the other side of Visocica mountain and Neretva river.\n        Accommodation: Boracko lake.\n    </p>\n    <br />\n    <h4>Day 3: NERETVA CANYON</h4>\n    <br />\n    <p>\n        We end our three day adventure with rafting deep down into the Neretva Canyon. In the upper canyon is one of the most beautiful rafting in Europe. The water is calm during the summer month, and the trip provides opportunity to enjoy the canyon and its\n        unique flora and fauna. The trip lasts for approximately 4 hours with breaks for swimming and a snack. Lunch will be provided at the end of the day. Plan is to have late afternoon transfer back to Sarajevo. Walking Conditions: This program includes\n        a one day walk through moderate terrain, where you will need to carry a day backpack. Walking duration is 6 to 7 hours, with a picnic lunch taken on the way. The paths are often rough and stony underfoot. Biking Conditions: A full day of mountain\n        biking over 60 km of road cycling, where you are provided with good quality mountain bikes, with road tires, in the company of experienced guide. Rafting Conditions: The rafting includes 3 - 4 hours of rafting through 23 km of river Neretva canyon.\n        You will be provided with all necessary safety gear, and a wet suit.\n    </p>\n    <br />\n    <br />\n    <h6>\n        Period: May - October Activity: Day one - 7 hours hiking; Day two - 6 hours biking and Day three - 4 hours rafting\n    </h6>\n    <br />\n    <h6>\n        YOU HAVE TO TAKE: shoes for walking, shoes for biking, water, hat, sun block, towel, swimming costume, backpack and camera.\n    </h6>\n    <br />\n    <h6>\n        Program includes: Transport from Sarajevo to location and back, Accommodation (mountain Umoljani Village and Boracko lake), Transport of gear to Boracko lake, All meals, one/two fully equipped and experienced mountain hiking guides, biking and rafting\n        guides, Rental of Specialized mountain bikes, Rafting with all safety gear.\n    </h6>\n<br/>\n\n    <h5><b>REMARK: This is a sample program.</b></h5>\n<br/>\n    <h5>\n        <b>Our mission is to make a route you will enjoy the most. Tailor-made\n      program is our specialty.</b\n    >\n  </h5>\n</div>',3,2,80.00,'https://toopale.com/wp-content/uploads/2020/07/9.-jahorina-planina-olimpijska-ljepotica-pale-mountain-republika-srpska-ljeto.jpg','http://www.takeadventure.com/wp-content/uploads/2016/03/66_Bjelasnica_9043145.jpg','https://d3rr2gvhjw0wwy.cloudfront.net/uploads/activity_galleries/263006/2000x2000-0-70-aa09a5ce3b31cff961136ea1d25bd78c.jpg','ACTIVE'),(93,'Sarajevo, Konjic, Mostar, Počitelj','Bosna i Hercegovina','Planinarske ture na Prenj, Visočicu, Čvrsnicu, Obalj, vodopad Skakavac (licencirani vodiči, oprema, osiguranje). Turistički obilazak parka prirode Blidinje i vodopada Kravice.Obroke i piće uz obroke po danu (doručak, ručak, večera, lunch packet).\n\n\n','<div>\n    <h4>Dan 1: Dolazak i posjeta Titovom bukeru</h4>\n    <br />\n    <p>\n        Poslije doručka, obezbijeđenim prijevozom učesnici kreću do polazne tačke, mjesta Tisovica (Prenj). Teoretska i praktična priprema od strane licenciranih vodiča učesnicima planinarskog pohoda. Iz Tisovice (1300 m), jedne od najljepših dolina u BiH koja\n        se proteže dužinom od 5 km i nalazi u srcu hercegovačkih Himalaja, polazi planinarska staza ka najvišim vrhovima planine Prenj. Iz Tisovice vodi planinarska staza kroz crnogoričnu šumu do planinarske kuće Vrutak (1650 m), u vrhu doline Tisovice.\n        Od planinarske kuće Vrutak markirani put vodi uzbrdo ka prenjskim velikanima Otiš (2093 m) i Zelena Glava (2155 m), te izlazi na sedlo koje veže pomenute vrhove. Ova jednodnevna tura traje oko 6 sati, ovisno o fizičkoj spremnosti članova tima.\n        Pohod na vrh Prenja se organizira uz kraće pauze (fotografisanje, užina / lunch paket). Prenj, odnosno hercegovački Himalaji, se smatra najatraktivnijom planinom u BiH. Vrhovi Prenja su uzbudljivi i privlačni za planinare koji uživaju u čarima\n        netaknute prirode. Noćenje sa večerom je organizirano u Apart&Hostelu Stećak u Konjicu. Učesnici treba da obezbijede odjeću i obuću, kao i dodatnu presvlaku. Mi ćemo obezbijediti lunch paket (sendvič, sok, voćka, čokoladica).\n    </p>\n    <br />\n    <h4>Dan 2: Planinarski pohod na hercegovačke Himalaje (planina Prenj)</h4>\n    <br />\n    <p>\n        Nakon doručka sa organiziranim prijevozom učesnici idu na polazno mjesto rafting, selo Glavatičevo. Po dolasku, zaduživanje opreme i teoretska i praktična priprema od strane licenciranih rafting skipera/vodiča. Kad krene rafting tura prema Malom kanjonu\n        i ušću rijeke Rakitnice, kratke pauze za fotografiranje i plivanje će biti uključene. Rafting se nastavlja sa kraćim pauzama za fotografiranje, plivanje, ronjenje i skakanje sve dok ne stignemo do Ljute, gdje se završava rafting tura. U našoj\n        rafting bazi su obezbijeđeni tuševi i topla voda. Nakon toga učesnici idu na organiziran ručak u restoran. Dužina rafting ture iz Glavatičeva do Ljute je oko 23 km i traje oko 5 sati. Sva potreba rafting oprema je obezbijeđena (čamci, neoprenska\n        odijela, kaciga, čizmice i vjetrovka). Učesnici treba da obezbijede kupaći kostim, kao i dodatnu presvlaku. Noćenje sa večerom je organizirano uApart& Hostelu Stećak u Konjicu.\n    </p>\n    <br />\n    <h4>Dan 3:Rafting na Neretvi, kristalno čistoj i pitkoj rijeci</h4>\n    <br />\n    <p>\n        Nakon doručka sa organiziranim prijevozom učesnici idu na polazno mjesto rafting, selo Glavatičevo. Po dolasku, zaduživanje opreme i teoretska i praktična priprema od strane licenciranih rafting skipera/vodiča. Kad krene rafting tura prema Malom kanjonu\n        i ušću rijeke Rakitnice, kratke pauze za fotografiranje i plivanje će biti uključene. Rafting se nastavlja sa kraćim pauzama za fotografiranje, plivanje, ronjenje i skakanje sve dok ne stignemo do Ljute, gdje se završava rafting tura. U našoj\n        rafting bazi su obezbijeđeni tuševi i topla voda. Nakon toga učesnici idu na organiziran ručak u restoran. Dužina rafting ture iz Glavatičeva do Ljute je oko 23 km i traje oko 5 sati. Sva potreba rafting oprema je obezbijeđena (čamci, neoprenska\n        odijela, kaciga, čizmice i vjetrovka). Učesnici treba da obezbijede kupaći kostim, kao i dodatnu presvlaku. Noćenje sa večerom je organizirano uApart& Hostelu Stećak u Konjicu.\n    </p>\n    <br />\n    <h4>Dan 4: Turistički obilazak grada Sarajeva i Vrela Bosne</h4>\n    <br />\n    <p>\n        Dolazak i ručak na Baščaršiji. Poslije ručka obilazak Morića Han, kuća Sevdaha, Avaz toranj. Slobodne aktivnosti. Večera i noćenje u Sarajevu. Nakon doručka, učesnici organiziranim prijevozom odlaze u Sarajevo. Obilazak stare jezgre grada iz 15-og vijeka\n        (Baščaršija, Gazi Husrefbegova džamija, Gazi Husrefbegov bezistan, Sebilj, gradska vijećnica, Katedrala Srca Isusova, Latinska ćuprija – Principov most). Ručak na Baščaršiji. Odlazak na Vrelo Bosne. Prekrasna voda, bujna vegetacija i hladni povjetarac\n        sa planine Igman je iskustvo koje posjetitelji neće zaboraviti. Ovdje možete osjetiti svu ljepotu netaknute prirode. Ovo je idealno mjesto za opuštanje i rekreaciju na svježem zraku tijekom vrućih ljetnih dana. Odlazak u Lukomir, večera i noćenje.\n    </p>\n    <br />\n    <h4>Dan 5: Obilazak sela Lukomir</h4>\n    <br />\n    <p>\n        Nakon doručka, obilazak sela i i druženje sa lokalnim ljudima dok ispijate tradicionalnu bosansku kafu. Uvijek gostoljubivi ljudi na Lukomiru primit će vas u njihove stare i jedinstvene bosanske kuće. Moći ćete prisustvovati izradi suvenira i pripremi\n        tradicionalnih bosanskih jela. Lukomir, smješten na 1495 m nadmorske visine, je izoliran u prekrasnoj prirodi sa jedinstvenom arhitekturom, kulturom i historijom. Proglašen je kulturnim krajolikom i nacionalnim spomenikom Bosne i Hercegovine.\n        Odlazak sa organiziranim prijevozom na olimpijske planine Igman i Bjelašnicu, sa kratkim pauzama za fotografiranje. Naredna destinacija je Jablanica, pauza za ručak – pečena janjetina, prije nastavka putovanja u Mostar. Večera i smještaj na atraktivnoj\n        lokaciji u Starom gradu u Mostaru.\n    </p>\n    <br />\n    <h4>Dan 6: Obilazak Mostara i Blagaja</h4>\n    <br />\n    <p>\n        Nakon doručka, učesnici idu u obilazak Mostara, uključujući obilazak kulturno-historijskih spomenika: Stari most (UNESCO), stari grad kujundžiluk, Karađoz-begova džamija, Kule Tara i Halebija i Muzej Hercegovina towers. Odlazak u Blagaj, srednjovjekovni\n        grad Humske države iz koje je polovinom XV. vijeka nastala današnja Hercegovina. S ruševina starog grada ili Kule Herceg Stjepana, koja je izgrađena na strateškom položaju, na hridinama iznad izvora rijeke Bune, pruža se prelijepa panorama doline\n        Neretve. Ručak u restoranu pored rijeke Bune. Povratak u Mostar, večera i noćenje.\n    </p>\n    <br />\n    <h4>Dan 7: Obilazak Međugorja, Počitelja i vodopada Kravice</h4>\n    <br />\n    <p>\n        Nakon doručka, učesnici odlaze organiziranim prijevozom u Međugorje, smješteno između brda u južnom dijelu BiH. Za Međugorje je vezana priča o Gospi koja se ukazala i zbog toga svake godine dolazi veliki broj turista iz cijelog svijeta. Nakon posjete\n        Međugorju odlazak na vodopad Kravice. Vodopad Kravice je prirodni fenomen nalik na Niagarine slapove, gdje se vodeni luk širine preko 150 metara obrušava s visine od 30 metara stvarajući veliki huk i rosnu kišu. Ovo je idealno mjesto za osvježenje\n        tijekom vrućeg ljetnjeg dana. Slobodno vrijeme za fotografiranje na vodopadu. Posjetit ćemo i ptičji rezervat Hutovo blato. To je močvara stvorena zbog sistema podzemnog vodonsonika rijeke Krupa. Ovo područje okruženo Deranskim jezerom, je dom\n        240 vrsta ptica tijekom migracija, baš kao i desetinama vrsta kojima je ovaj rezervat stalni dom. Tijekom migracija, desetine hiljada ptica popune jezero i njegovu okolinu. Najbolji način da promatrate ptice i uživate u Hutovu Blatu je obilazak\n        čamce, koji je uključen u ovu tur. Ručak nakon ture. Po povratku, posjeta srednjovjekovnom otomanskom gradu Počitelju, koji je smješten na lijevoj obali Neretve. Na ovom mjestu, bosanski Kralj Tvrtko izgradio je tvrđavu 1383. godine, koju je Osmansko\n        carstvo osvojilo 1471., gdje su se zadržali sve do 1878. godine, što se vidi iz mnogobrojnih spomenika iz osmanskog perioda. Večera i noćenje su organizirani u Mostaru.\n    </p>\n    <br />\n    <h4>Dan 8: Odlazak</h4>\n    <br />\n    <p>\n        Poslije doručka odlazak turista organiziranim prijevozom na aerodrom u Sarajevo.\n    </p>\n    <br />\n    <br />\n    <h6>\n        Period: May - October Activity: Day one - 7 hours hiking; Day two - 6 hours biking and Day three - 4 hours rafting\n    </h6>\n    <br />\n    <h6>\n        YOU HAVE TO TAKE: shoes for walking, shoes for biking, water, hat, sun block, towel, swimming costume, backpack and camera.\n    </h6>\n    <br />\n    <h6>\n        Program includes: Transport from Sarajevo to location and back, Accommodation (mountain Umoljani Village and Boracko lake), Transport of gear to Boracko lake, All meals, one/two fully equipped and experienced mountain hiking guides, biking and rafting\n        guides, Rental of Specialized mountain bikes, Rafting with all safety gear.\n    </h6>\n\n    <h5><b>REMARK: This is a sample program.</b></h5>\n    <h5>\n        <b>Our mission is to make a route you will enjoy the most. Tailor-made\n      program is our specialty.</b\n    >\n  </h5>\n</div>',8,2,120.00,'https://funkytours.com/wp-content/uploads/2021/03/oldtownpocitelj-1.jpg','https://www.neretvarafting.com/wp-content/uploads/2013/05/DSC_5840.jpg','https://c1.wallpaperflare.com/preview/677/773/177/architecture-old-travel-sky.jpg','ACTIVE'),(94,'Mostar-Konjic (Boracko jezero)','Bosna i Hercegovina','Grand River Ranč je seosko-turistički kompleks koji se nalazi  u gorenjem toku rijeke Neretve u popularnom odmaralištu Glavativecu koji se nalazi u blizini Boraćkog jezera nadomak Konjica ,na nadmorskoj visini od 600m,\n\nKomplex se prostire na 5 000 m2  površine gde su u delu od oko 500 metara  grupisani svi objekti.\n\n\n','\n<div>\n  <h4>SMJEŠTAJ</h4>\n  <br />\n  <p>\n    Grand River Ranč raspolaže sa 5 soba sa moderno opremljenim kupatilima . 5\n    soba je apartmanskog tipa građenihu tradicionalno-modernom stilu sa\n    približno istim korisnim prostorom od 35m2 u okviru kojih se nalazi soba\n    kupatilo predsoblje i terase.\n  </p>\n\n  <br />\n  <h4>HRANA</h4>\n  <br />\n  <p>\n    Hrana koja se služi pretežno je domaća , proizvodi se u domaćinstvu i ili u\n    selu. U okviru domaćinstva nalazi se farma sa većinom domaćih životinja\n    tipičnih za ovo planinsko područje(krave, ovce, koze, kokoške..) Domaćinstvo\n    raspolaže sa oko 800 stabala šljiva,a u ponudi se pored domaće rakije i\n    pekmeza od šljiva mogu naći i med,sokovi,slatka\n  </p>\n  <br />\n</div>',3,2,110.00,'https://images.fineartamerica.com/images/artworkimages/mediumlarge/1/boracko-lake-ermedin-islamcevic.jpg','https://visitbih.ba/wp-content/uploads/2018/08/VH-Bjelasnica-Visocica-Boracko-jezero-Konjic-49.jpg','https://grandriver.ba/wp-content/uploads/2021/07/Zvekusa-57-4scaling.jpg','ACTIVE'),(95,'Vlašić','Bosna i Hercegovina','Hotel Sunce na Vlašiću nudi savršenu kombinaciju relaksacije i rekreacije i pravi je izbor za odmor na čistom planinskom zraku uz uživanje u svim sadržajima koje ovaj hotel i planina Vlašić nude.','<div>\n  <h4>Opis ponude</h4>\n  <br />\n  <p>\n    Zbog svoje klime, čistog zraka i prelijepe prirode Vlašić je pravi izbor za\n    odmor tokom svih godišnjih doba. Ljubiteljima prirode na raspolaganju su\n    brojne staze za šetnju i vožnju bicikla, a oni koji nisu ljubitelji aktivnog\n    odmora uživat će u suncu, wellness sadržajima i delicijama restorana hotela\n    Sunce. Centralni položaj Vlašića u Bosni i Hercegovini čini ovu planinu lako\n    dostupnom, a Babanovac, centar turizma na Vlašiću, od Travnika je udaljen\n    samo 20 kilometara, od Zenice oko 50 km, Banja Luke manje od 90 km, a od\n    Sarajeva 110 km. U sklopu ove ponude dostupne su vam opcije jednog, dva ili\n    četiri noćenja za dvije osobe na bazi polupansiona, te korištenje wellness\n    centra (bazena i saune). Omogućeno je i besplatno korištenje bicikla kojima\n    se možete provozati po Vlašiću. Za sve one koji se odluče za boravak u\n    trajanju od četiri noćenja, hotel je obezbijedio besplatnu masažu za dvije\n    osobe te tridesetominutnu vožnju quadom.\n  </p>\n\n  <br />\n  <h4>DOSTUPNE SU SLJEDEĆE OPCIJE PONUDE:</h4>\n  <br />\n  <p>\n    Standard soba (za maksimalno 2 odrasle osobe + 1 dijete do 6 godina koje\n    spava sa roditeljima na krevetu ili krevetac za bebu)\n  </p>\n\n  <ul>\n    <li>\n      P1: 1 noćenje za dvije osobe u standard sobi, sa polupansionom i\n      korištenjem wellness centra, po cijeni od 114,00 KM\n    </li>\n    <li>\n      P2: 2 noćenja za dvije osobe u standard sobi, sa polupansionom i\n      korištenjem luksuznog wellness centra, po cijeni od 221,00 KM\n    </li>\n    <li>\n      P3: 4 noćenja za dvije osobe u standard sobi, sa polupansionom, masažom za\n      dvije osobe, korištenjem wellness centra i 30 minuta vožnje Quadom, po\n      cijeni od 442,00 KM\n    </li>\n  </ul>\n  <br />\n  <p>\n    <b>Napomena:</b>b> Za boravak više od 2 odrasle osobe odaberite doplatu za višu kategoriju sobe prilikom odabira opcija ponude. Za sve informacije i pomoć oko izbora najbolje opcije za Vaš odmor budite slobodni da nam se obratite putem e-maila\n        podrska@odmoriubih.ba ili telefona +387 61 981 777 (Tel / Viber / WhatsApp).\n        </p>\n\n        <br />\n        <p>\n            Djeca starosti do šest godina borave besplatno, dok se za dijete starosti 6 do 12 godina nadoplaćuje 20 KM po noćenju, a za osobu stariju od 12 godina nadoplata je 40 KM po noćenju.\n        </p>\n        <br />\n        <br />\n        <p>\n            <b> O hotelu Sunce</b> <br /> Hotel Sunce je objekat planinskog tipa koji odiše toplinom, a smješten je na 1240 metara nadmorske visine, na najsunčanijem dijelu SRC Babanovac, na planini Vlašić, udaljen svega 20 km od Travnika. Hotel raspolaže\n            sa komforno uređenim jednokrevetnim, dvokreventnim, trokrevetnim, četverokrevetnim i petokrevetnim sobama. Za goste je neposredno uz hotel obezbijeđen besplatan parking prostor. Hotel raspolaže, između ostalog, i sa sportskom dvoranom kapaciteta\n            300 gledatelja, teretanom, nogometnim stadionom sa terenom dimenzija 100x62m, quad vozilima, biciklima i drugim sadržajima. Da bi Vaš odmor bio potpun, tu su bazen zatvorenog tipa kao i wellness program, tepidarijuO hotelu Sunce Hotel Sunce\n            je objekat planinskog tipa koji odiše toplinom, a smješten je na 1240 metara nadmorske visine, na najsunčanijem dijelu SRC Babanovac, na planini Vlašić, udaljen svega 20 km od Travnika. Hotel raspolaže sa komforno uređenim jednokrevetnim,\n            dvokreventnim, trokrevetnim, četverokrevetnim i petokrevetnim sobama. Za goste je neposredno uz hotel obezbijeđen besplatan parking prostor. Hotel raspolaže, između ostalog, i sa sportskom dvoranom kapaciteta 300 gledatelja, teretanom, nogometnim\n            stadionom sa terenom dimenzija 100x62m, quad vozilima, biciklima i drugim sadržajima. Da bi Vaš odmor bio potpun, tu su bazen zatvorenog tipa kao i wellness program, tepidarijumi, finska sauna, tursko-parno kupatilo, a uz hotel se nalazi i\n            restoran „Koliba”, jedinstveno mjesto sa dobrom kuhinjom, vrhunskim bosanskim specijalitetima ispod saća, ali i sa ražnja.mi, finska sauna, tursko-parno kupatilo, a uz hotel se nalazi i restoran „Koliba”, jedinstveno mjesto sa dobrom kuhinjom,\n            vrhunskim bosanskim specijalitetima ispod saća, ali i sa ražnja.\n        </p>\n</div>',8,2,100.00,'https://odmoriubih.ba/assets/photos/offer/original/1630527500-blanca-photo-midhat-poturovic-060-offers.jpeg','https://www.adinotours.com/wp-content/uploads/2019/03/VL2-1.jpg','https://i.ytimg.com/vi/KdqbUUGnFyI/maxresdefault.jpg','ACTIVE'),(96,'Grabovica (eco selo)','Bosna i Hercegovina','Odmor u prelijepom eco selu Grabovica na Buškom jezeru.\nPosjetite idilično mjesto na obali Buškog jezera, odmorite u prirodnom okruženju i naravno uživajte u autohtonoj hrani i drugim sadržajima koje nudi eco selo Grabovica.','<div>\n  <h4>Opis ponude</h4>\n  <br />\n  <p>\n    Eco selo Grabovica se nalazi na obali jednog od najvećih\n    akumulacijskih/umjetnih jezera u Europi, Buškog jezera. Uz prirodne ljepote,\n    kulturnu i povijesnu baštinu, autohtoni ambijent dostupni su sadržaji koji u\n    Eco selu Grabovica privlače brojne goste iz okruženja i šire. Sadržaji Eco\n    sela Grabovica su: apartmani za smještaj, prelijepa vila „Grabovica“\n    sazidana od bijelog hercegovačkog kamena, restoran, drvena kućica, terasa s\n    velikim brojem sjedećih mjesta i kompletnim pratećim ugostiteljskim\n    objektima, svadbena dvorana, amfiteatar na otvorenom, kamena špilja, mini\n    zoo vrt, sportski tereni, konjički klub sa štalama i konjima, veliki\n    ograđeni koral za jahanje te staze za šetanje.\n  </p>\n\n  <br />\n  <h4>DOSTUPNE SU SLJEDEĆE OPCIJE PONUDE:</h4>\n  <br />\n  <p>\n    Standard soba (za maksimalno 2 odrasle osobe + 1 dijete do 6 godina koje\n    spava sa roditeljima na krevetu ili krevetac za bebu)\n  </p>\n\n  <ul>\n    <li>\n      P1: 1 noćenje za dvije osobe u standard sobi, sa polupansionom i\n      korištenjem wellness centra, po cijeni od 114,00 KM\n    </li>\n    <li>\n      P2: 2 noćenja za dvije osobe u standard sobi, sa polupansionom i\n      korištenjem luksuznog wellness centra, po cijeni od 221,00 KM\n    </li>\n    <li>\n      P3: 4 noćenja za dvije osobe u standard sobi, sa polupansionom, masažom za\n      dvije osobe, korištenjem wellness centra i 30 minuta vožnje Quadom, po\n      cijeni od 442,00 KM\n    </li>\n  </ul>\n  <br />\n  <p>\n    <b>Napomena:</b>b> Za boravak više od 2 odrasle osobe odaberite doplatu za višu kategoriju sobe prilikom odabira opcija ponude. Za sve informacije i pomoć oko izbora najbolje opcije za Vaš odmor budite slobodni da nam se obratite putem e-maila\n        podrska@odmoriubih.ba ili telefona +387 61 981 777 (Tel / Viber / WhatsApp).\n        </p>\n\n        <br />\n        <p>\n            Djeca starosti do šest godina borave besplatno, dok se za dijete starosti 6 do 12 godina nadoplaćuje 20 KM po noćenju, a za osobu stariju od 12 godina nadoplata je 40 KM po noćenju.\n        </p>\n        <br />\n        <br />\n        <p>\n            <b> O hotelu Sunce</b> <br /> Hotel Sunce je objekat planinskog tipa koji odiše toplinom, a smješten je na 1240 metara nadmorske visine, na najsunčanijem dijelu SRC Babanovac, na planini Vlašić, udaljen svega 20 km od Travnika. Hotel raspolaže\n            sa komforno uređenim jednokrevetnim, dvokreventnim, trokrevetnim, četverokrevetnim i petokrevetnim sobama. Za goste je neposredno uz hotel obezbijeđen besplatan parking prostor. Hotel raspolaže, između ostalog, i sa sportskom dvoranom kapaciteta\n            300 gledatelja, teretanom, nogometnim stadionom sa terenom dimenzija 100x62m, quad vozilima, biciklima i drugim sadržajima. Da bi Vaš odmor bio potpun, tu su bazen zatvorenog tipa kao i wellness program, tepidarijuO hotelu Sunce Hotel Sunce\n            je objekat planinskog tipa koji odiše toplinom, a smješten je na 1240 metara nadmorske visine, na najsunčanijem dijelu SRC Babanovac, na planini Vlašić, udaljen svega 20 km od Travnika. Hotel raspolaže sa komforno uređenim jednokrevetnim,\n            dvokreventnim, trokrevetnim, četverokrevetnim i petokrevetnim sobama. Za goste je neposredno uz hotel obezbijeđen besplatan parking prostor. Hotel raspolaže, između ostalog, i sa sportskom dvoranom kapaciteta 300 gledatelja, teretanom, nogometnim\n            stadionom sa terenom dimenzija 100x62m, quad vozilima, biciklima i drugim sadržajima. Da bi Vaš odmor bio potpun, tu su bazen zatvorenog tipa kao i wellness program, tepidarijumi, finska sauna, tursko-parno kupatilo, a uz hotel se nalazi i\n            restoran „Koliba”, jedinstveno mjesto sa dobrom kuhinjom, vrhunskim bosanskim specijalitetima ispod saća, ali i sa ražnja.mi, finska sauna, tursko-parno kupatilo, a uz hotel se nalazi i restoran „Koliba”, jedinstveno mjesto sa dobrom kuhinjom,\n            vrhunskim bosanskim specijalitetima ispod saća, ali i sa ražnja.\n        </p>\n</div>',8,2,115.00,'https://odmoriubih.ba/assets/photos/offer/original/1609859155-zimski-odmor-u-prelijepom-eco-selu-grabovica-na-buskom-jezeru.jpg','https://odmoriubih.ba/assets/photos/offer/original/1609858866-grabovica-offers.jpg','https://odmoriubih.ba/assets/photos/offer/original/1609858874-grabovica6-offers.jpg','ACTIVE'),(97,'Neum','Bosna i Hercegovina','Provedite kraj ljeta ili ranu jesen u Grand hotelu u Neumu\nIzaberite Grand Hotel za nezaboravan odmor u Neumu ove godine.','<div>\n  <h4>Opis ponude</h4>\n  <br />\n  <p>\n    Neum je jedan od gradova sa najvećim brojem sunčanih dana na Jadranu, a\n    kapaciteti hotela Grand često su premali za sve zainteresovane, pa svoj\n    odmor planirajte na vrijeme kako biste uživali u ovom luksuznom hotelu i\n    svim sadržajima koje nudi. Dugogodišnja tradicija, moderni dizajn, prekrasni\n    pogled na more, bogata gastro ponuda hotelskih restorana te Premium Infinity\n    bazen smješten na krovu hotela, sa kojeg se pruža nevjerovatan panoramski\n    pogled na Neumski zaljev, samo su neki od razloga zašto je hotel Grand\n    idealno mjesto za odmor i opuštanje na moru. U okviru ponude možete izabrati\n    jednu od 2 vrste smještajnih jedinica, a treba napomenuti da se u sobi bez\n    balkona, sa pogledom na park, nalazi bračni krevet, te nije moguća doplata\n    za dodatni ležaj. U zavisnosti od vaših preferencija možete odabrati opciju\n    noćenja sa doručkom ili polupansionom (doručak i večera), a prilikom odabira\n    opcija potrebno je da odaberete u kalendaru datum prijave u hotel, te u\n    predviđeno polje upišete broj noćenja koji želite kupiti.\n  </p>\n\n  <br />\n  <h4>Opcije za boravak u periodu do 29.9.2021. godine::</h4>\n  <br />\n  <p>\n    Standard soba (za maksimalno 2 odrasle osobe + 1 dijete do 6 godina koje\n    spava sa roditeljima na krevetu ili krevetac za bebu)\n  </p>\n\n  <ul>\n    <li>\n      P1: 1 noćenje za dvije osobe u standard sobi, sa polupansionom i\n      korištenjem wellness centra, po cijeni od 114,00 KM\n    </li>\n    <li>\n      P2: 2 noćenja za dvije osobe u standard sobi, sa polupansionom i\n      korištenjem luksuznog wellness centra, po cijeni od 221,00 KM\n    </li>\n    <li>\n      P3: 4 noćenja za dvije osobe u standard sobi, sa polupansionom, masažom za\n      dvije osobe, korištenjem wellness centra i 30 minuta vožnje Quadom, po\n      cijeni od 442,00 KM\n    </li>\n  </ul>\n  <br />\n  <p>\n    <b>Napomena:</b>b> Za boravak više od 2 odrasle osobe odaberite doplatu za višu kategoriju sobe prilikom odabira opcija ponude. Za sve informacije i pomoć oko izbora najbolje opcije za Vaš odmor budite slobodni da nam se obratite putem e-maila\n        podrska@odmoriubih.ba ili telefona +387 61 981 777 (Tel / Viber / WhatsApp).\n        </p>\n\n        <br />\n        <p>\n            Djeca starosti do šest godina borave besplatno, dok se za dijete starosti 6 do 12 godina nadoplaćuje 20 KM po noćenju, a za osobu stariju od 12 godina nadoplata je 40 KM po noćenju.\n        </p>\n        <br />\n        <br />\n        <p>\n            <b> O hotelu Grand</b> <br /> Grand Hotel Neum je najveći i najluksuzniji hotel u Neumu, dugogodišnje tradicije, savremenog dizajna, sa prekrasnim pogledom na more te mnoštvom dodatnih sadržaja. Gastro ponuda hotelskih restorana je raznovrsna\n            i prilagođena gostima, a cjelokupnu ponudu zaokružuje veliki izbor vina iz najboljih hercegovačkih i peljeških vinograda. Wellness i spa centar na 2000 m2 je savršena oaza opuštanja, a gostima su na raspolaganju i 4 bazena, otvorenog i zatvorenog\n            tipa sa grijanom morskom vodom, dječiji bazen te Premium Infinity bazen smješten na krovu hotela sa kojeg se pruža prekrasan panoramski pogled na Neumski zaljev.\n        </p>\n\n        <br />\n        <p>\n            Boravišna taksa nije uključena u cijenu i plaća se na recepciji hotela u iznosu od 2,00 KM po osobi/po danu ili 1,60 KM po osobi/noć (od 15.9.). Djeca mlađa od 12 godina oslobođena su plaćanja takse.\n        </p>\n</div>',8,2,80.00,'https://odmoriubih.ba/assets/photos/offer/original/1618929164-odmorite-tijelo-i-dusu-u-grand-hotelu-u-neumu.jpg','https://odmoriubih.ba/assets/photos/offer/original/1618929072-1596706460-restoranibarovi6-min-offers-offers.jpg','https://odmoriubih.ba/assets/photos/offer/original/1618929074-1596706458-re2-min-offers-offers.jpg','ACTIVE'),(98,'Istambul','Turska','Istanbul je jedini grad na dva kontinenta. I to je dovoljan razlog da ga posjetite. A tih razloga ima još.\nOsnovan oko 1000. godine prije Krista, iz Bizantskog carstva niknuo je veličanstven grad Konstantinopol, a poslije otomanskog osvajanja grada, zadržao je svoje važno mjesto u srcu imperija. Bio je glavni grad Turske sve do 1923. godine, kada je osnovana Republika Turska i kada je centar pšolitičke moći postala Anakara. Sedam godina kasnije preimenovan je u Istanbul.','<div>\n    <h5>    1.dan – SARAJEVO – ISTANBUL\n    </h5>\n    <p>Sastanak grupe na na Međunarodnom aerodromu Sarajevo, 2 sata prije leta. Check in i obavljanje pasoških i carinskih formalnosti. Polijetanje aviona za Istanbul planirano je u 11:10h (broj leta PC292). Dolazak u Istanbul je planiran u 14:00h, slijetanje na Sabiha Gokcen Internacionalni aerodrom. Nakon pasoške kontrole slijedi odlazak do hotela. Noćenje.\n    </p>\n    <b></b>\n\n<h5>2.dan - ISTANBUL\n</h5>\n<p>Doručak. Fakultativno obilazak znamenitosti starog dijela grada:  Hipodrom (njemačka fontana, egipatski obelisk, zmijski stub, Sultan Ahmet džamija- Plava džamija, Aya Sofia, Topkapi Saray dvorac, odlazak u Kapali čaršiju) – slobodno vrijeme za shoping. Navečer fakultativno odlazak u nacionalni restoran, večera, turski folklor, trbušni ples, animacioni program... Povratak u hotel. Noćenje.\n</p>\n<b></b>\n\n<h5>3.dan - ISTANBUL\n</h5>\n<p>Doručak. Nakon doručka fakultativno vožnja autobusom do zaliva Zlatni rog. Ukrcavanje na brod i vožnja po Bosforu u trajanju od cca 2 sata. Nakon vožnje po Bosforu, fakultativni obilazak Dolmabašče-a – riznice blaga iz Otomanske imperije. Povratak u hotel. Fakultativni izlazak u jedan od klubova sa zabavom. Noćenje.\n</p>\n<b></b>\n\n\n<h5>4.dan – ISTANBUL\n</h5>\n<p>Doručak. Nakon doručka planirana je posjeta Sultan Ejupu sa Miniaturkom (Turska u malom, gdje imate sve znamenitosti Turske na dlanu i svakako prilika da se uvjerite u raskoš koji ona pruža). Nakon toga odlazak prema Sultan Ejup džamiji (jednoj od ljepših u Istanbulu), slobodno vrijeme za odlazak na vidikovac Pierre Loti, gdje se mozete osvjeziti i uzivati u pogledu na Zlatni rog. Povratak u hotel. Noćenje.\n</p>\n<b></b>\n\n<h5>5. dan - ISTANBUL - SARAJEVO\n</h5>\n<p>Doručak. Nakon doručka slobodno vrijeme do transfera. Transfer do Sabiha Gokcen Internacionalni aerodrom. Polijetanje aviona za Sarajevo planirano je u 15:15h (broj leta PC293). Dolazak u Sarajevo je predviđen u 16:55h.\n</p>\n<b></b>\n\n</div>',5,1,600.00,'https://free4kwallpapers.com/uploads/originals/2015/10/02/istanbul.jpg','https://wallpaperaccess.com/full/273897.jpg','https://s1.1zoom.me/big7/210/Istanbul_Turkey_Houses_505904.jpg','ACTIVE'),(99,'BARCELONA - Milano - Azurna obala','Španija','Barcelona je grad vječne mladosti i umjetnosti te osvaja srca čak i najzahtjevnijih putnika.\n\nGlavni grad Katalonije idealna je destinacija za vaš odmor, bez obzira na godišnje doba. Grad ima oko 1 600 000 stanovnika, smjestio se na obali Mediterana te je glavno industrijsko i trgovačko središte Španjolske.','<div>\n    <h5>\n        1.DAN (23.11.2021. – SUBOTA)  - BIH – HRVATSKA – SLOVENIJA\n\n    </h5>\n    <p>Polazak iz BiH u popodnevnim satima. Vožnja luksuznim autobusima na relaciji Sarajevo – Zenica -Doboj – Banja Luka (ili Tuzla)- Zagreb – Ljubljana. Noćna voznja uz krace pauze…\n    </p>\n    <br>\n\n   \n\n<h5>\n    2.DAN (24.11.2021.- NEDELJA) – GRASSE – CANNES – NICE – MONACO\n\n</h5>\n<p>U jutarnjim satima posjeta prestolnici parfema i malom «cvijetnom» mjestu Grasse gdje ćete imati priliku da uživo vidite proceduru proizvodnje najpoznatijih svjetskih parfema... Nakon toga slijedi kraći panoramski obilazak Kana (Filmska palata i šetalište «La Croisette»...). U podnevnim satima dolazak u Nicu, najveci grad na Azurnoj obali, nakon cega slijedi panoramsko razgledanje (Promenade des Anglais, Place Masenna, hotel Negresco...) uz boravak od 9h u Nici. U vecernjim satima obilazak znamenitosti Kneževine Monako (Palata Grimaldijevih, Katedrala, Oceanografski muzej, botaničke bašte, staza Formule 1). Posjeta «magičnom» gradu kocke uz obilazak čuvenog Casina i šetnja prelijepim parkovima Monte Karla. Iza ponoci, polazak prema Španiji…Nocna voznja…\n</p>\n<br>\n\n<h5>\n    3.-5.DAN (25.-27.11.2021. – PONEDELJAK - SRIJEDA) – BARSELONA\n\n</h5>\n<p>U jutarnjim satima dolazak u jedan od najljepših gradova mediterana... Slobodno vrijeme. Smeštaj u hostel u centralnoj gradskoj zoni grada Barselone, u blizini svih najpoznatijih atrakcija i lokaliteta! Check in u hostel poslije 14.00h. Vaš boravak u Španiji mozete učiniti nezaboravnim uz posjete nekim od najinteresantnijih fakultativnih (neobaveznih) izleta: «FLAMENCO » (tradicionalni Flamenco ples uz fantastičan program sa izvrsnim španskim plesačima i plesačicama uz ukljucenu jednu konzumaciju…),  «BARSELONA PANORAMIKA» (cjelodnevna posjeta «vreloj i temperamentnoj» mediteranskoj metropoli uz obilazak najznačajnijih kulturno – istorijskih znamenitosti: SAGRADA FAMILIA, AV.DIAGONAL, PARK GUELL, MT.JUIC, KOLUMBOV SPOMENIK, LA RAMBLA, NOU CAMP, CASA MILA, LA PEDRERA... Slobodno vrijeme za kupovinu u velikim robnim kućama u centru Barselone. «NOU CAMP» (posjeta muzeju i tribinama stadiona FC Barselona), «PORT AVENTURA» (jedinstven zabavni park na području Evrope – tzv. Španski disneyland sa bezbroj atrakcija i predstava koje su sastavni dio ovog nevjerovatnog zabavnog parka), nezaboravan noćni provod u najboljim klubovima u Barseloni “OPIUM MAR” I  «PACHA» na samoj plazi Barceloneta... Izvanredna prilika da Vas boravak ucinite savrsenim uz ugodnu mediteransku klimu i fantastičnu zabavu kombinujući je sa fascinantnim kulturno-istorijskim spomenicima i muzejima PABLA PICASA, JOANA MIROA i SALVADORA DALIJA u gradicu Figuerasu... Mogućnost odlaska na utakmicu lige prvaka  FC BARCELONA – BORUSIA DORTMUND.\n</p>\n<br>\n\n<h5>\n    6. DAN (28.11.2019. – CETVRTAK) BARSELONA\n\n</h5>\n<p>Dorucak. Check-out iz hostela u 10.00h. Slobodno vrijeme za obilazak grada, kupovinu ili neki od izleta. U vecernjim satima fakultativni odlazak na PLACA de ESPANA i posjeta tzv.Magicnoj fontani, remek djelu CARLESA BUIGASA… Polazak iz Barcelone u vecernjim satima. Nocna voznja.\n</p>\n<br>\n\n<h5>\n    7. DAN (29.11.2019. – PETAK) - MILANO\n\n</h5>\n<p>Dolazak u Milano u jutarnjim satima… Slijedi razgledanje grada uz naseg vodica: Galeria Vittorio Emanuele, Duomo, Teatro Scala, stadion San Siro... Slobodno vrijeme za individualni obilazak grada i pauzu od 9h. Polazak iz Milana u kasim popodnevnim satima. Voznja kroz Italiju uz usputne pauze po potrebi grupe.\n</p>\n<br>\n\n<h5>\n    8. DAN (30.11.2019. - SUBOTA) – BiH\n\n</h5>\n<p>Voznja kroz Sloveniju i Hrvatsku sa usputnim zadrzavanjima radi odmora. Dolazak u BiH u predvecernjim     satima.\n</p>\n<br>\n\n</div>',6,2,570.00,'https://lp-cms-production.imgix.net/2019-06/8ae1c56041e64517e29372a889f1beb7-la-sagrada-familia.jpg','https://images.musement.com/cover/0001/52/camp-nou-barcelona-jpg_header-51925.jpeg','https://cdn.theculturetrip.com/wp-content/uploads/2017/01/barcelona-1973112_1280.jpg','ACTIVE');
/*!40000 ALTER TABLE `destination` ENABLE KEYS */;
UNLOCK TABLES;

--
-- Table structure for table `payment_type`
--

DROP TABLE IF EXISTS `payment_type`;
/*!40101 SET @saved_cs_client     = @@character_set_client */;
/*!50503 SET character_set_client = utf8mb4 */;
CREATE TABLE `payment_type` (
  `id` int NOT NULL AUTO_INCREMENT,
  `payment_type` varchar(45) NOT NULL,
  PRIMARY KEY (`id`)
) ENGINE=InnoDB AUTO_INCREMENT=3 DEFAULT CHARSET=utf8mb3;
/*!40101 SET character_set_client = @saved_cs_client */;

--
-- Dumping data for table `payment_type`
--

LOCK TABLES `payment_type` WRITE;
/*!40000 ALTER TABLE `payment_type` DISABLE KEYS */;
INSERT INTO `payment_type` VALUES (1,'Kreditna kartica'),(2,'Gotovina');
/*!40000 ALTER TABLE `payment_type` ENABLE KEYS */;
UNLOCK TABLES;

--
-- Table structure for table `reservation`
--

DROP TABLE IF EXISTS `reservation`;
/*!40101 SET @saved_cs_client     = @@character_set_client */;
/*!50503 SET character_set_client = utf8mb4 */;
CREATE TABLE `reservation` (
  `res_id` int NOT NULL AUTO_INCREMENT,
  `user_id` int NOT NULL,
  `destination_id` int NOT NULL,
  `type_id` int NOT NULL DEFAULT '1',
  `payment_type_id` int NOT NULL DEFAULT '1',
  `transport_id` int NOT NULL,
  `date` datetime DEFAULT CURRENT_TIMESTAMP,
  `is_checked` varchar(45) CHARACTER SET utf8 COLLATE utf8_bin NOT NULL DEFAULT 'FALSE',
  `reservation_is_active` varchar(45) CHARACTER SET utf8 COLLATE utf8_bin NOT NULL DEFAULT 'ACTIVE',
  `reservation_is_canceled` varchar(45) CHARACTER SET utf8 COLLATE utf8_bin NOT NULL DEFAULT 'FALSE',
  PRIMARY KEY (`res_id`),
  KEY `reservation_user_id_idx` (`user_id`),
  KEY `reservation_destination_id_idx` (`destination_id`),
  KEY `reservation_type_id_idx` (`type_id`),
  KEY `reservation_payment_type_id_idx` (`payment_type_id`),
  KEY `res_transport_id_idx` (`transport_id`),
  CONSTRAINT `res_destination_id` FOREIGN KEY (`destination_id`) REFERENCES `destination` (`dest_id`),
  CONSTRAINT `res_paymen_typet_id` FOREIGN KEY (`payment_type_id`) REFERENCES `payment_type` (`id`),
  CONSTRAINT `res_transport_id` FOREIGN KEY (`transport_id`) REFERENCES `transport` (`id`),
  CONSTRAINT `res_type_id` FOREIGN KEY (`type_id`) REFERENCES `type` (`id`),
  CONSTRAINT `res_user_id` FOREIGN KEY (`user_id`) REFERENCES `user` (`user_id`)
) ENGINE=InnoDB AUTO_INCREMENT=107 DEFAULT CHARSET=utf8mb3 COLLATE=utf8_bin;
/*!40101 SET character_set_client = @saved_cs_client */;

--
-- Dumping data for table `reservation`
--

LOCK TABLES `reservation` WRITE;
/*!40000 ALTER TABLE `reservation` DISABLE KEYS */;
INSERT INTO `reservation` VALUES (101,132,83,1,1,1,'2021-09-14 10:06:43','TRUE','ACTIVE','FALSE'),(102,132,85,1,1,1,'2021-09-14 10:09:52','FALSE','ACTIVE','FALSE'),(103,132,96,1,1,2,'2021-09-14 11:20:13','FALSE','INACTIVE','FALSE'),(104,132,87,1,1,1,'2021-09-14 14:26:11','FALSE','INACTIVE','FALSE'),(105,133,87,1,1,1,'2021-09-14 21:29:21','TRUE','ACTIVE','FALSE'),(106,133,83,1,1,1,'2021-09-14 21:34:02','FALSE','ACTIVE','FALSE');
/*!40000 ALTER TABLE `reservation` ENABLE KEYS */;
UNLOCK TABLES;

--
-- Table structure for table `role`
--

DROP TABLE IF EXISTS `role`;
/*!40101 SET @saved_cs_client     = @@character_set_client */;
/*!50503 SET character_set_client = utf8mb4 */;
CREATE TABLE `role` (
  `role_id` int NOT NULL AUTO_INCREMENT,
  `role_name` varchar(45) CHARACTER SET utf8 COLLATE utf8_bin NOT NULL,
  PRIMARY KEY (`role_id`)
) ENGINE=InnoDB AUTO_INCREMENT=3 DEFAULT CHARSET=utf8mb3 COLLATE=utf8_bin;
/*!40101 SET character_set_client = @saved_cs_client */;

--
-- Dumping data for table `role`
--

LOCK TABLES `role` WRITE;
/*!40000 ALTER TABLE `role` DISABLE KEYS */;
INSERT INTO `role` VALUES (1,'USER'),(2,'ADMIN');
/*!40000 ALTER TABLE `role` ENABLE KEYS */;
UNLOCK TABLES;

--
-- Table structure for table `transport`
--

DROP TABLE IF EXISTS `transport`;
/*!40101 SET @saved_cs_client     = @@character_set_client */;
/*!50503 SET character_set_client = utf8mb4 */;
CREATE TABLE `transport` (
  `id` int NOT NULL AUTO_INCREMENT,
  `transport_type` varchar(45) CHARACTER SET utf8 COLLATE utf8_bin NOT NULL,
  PRIMARY KEY (`id`)
) ENGINE=InnoDB AUTO_INCREMENT=3 DEFAULT CHARSET=utf8mb3 COLLATE=utf8_bin;
/*!40101 SET character_set_client = @saved_cs_client */;

--
-- Dumping data for table `transport`
--

LOCK TABLES `transport` WRITE;
/*!40000 ALTER TABLE `transport` DISABLE KEYS */;
INSERT INTO `transport` VALUES (1,'Avionska linija'),(2,'Autobusna linija');
/*!40000 ALTER TABLE `transport` ENABLE KEYS */;
UNLOCK TABLES;

--
-- Table structure for table `type`
--

DROP TABLE IF EXISTS `type`;
/*!40101 SET @saved_cs_client     = @@character_set_client */;
/*!50503 SET character_set_client = utf8mb4 */;
CREATE TABLE `type` (
  `id` int NOT NULL AUTO_INCREMENT,
  `type` varchar(45) CHARACTER SET utf8 COLLATE utf8_bin NOT NULL,
  `description` tinytext CHARACTER SET utf8 COLLATE utf8_bin NOT NULL,
  PRIMARY KEY (`id`)
) ENGINE=InnoDB AUTO_INCREMENT=3 DEFAULT CHARSET=utf8mb3 COLLATE=utf8_bin;
/*!40101 SET character_set_client = @saved_cs_client */;

--
-- Dumping data for table `type`
--

LOCK TABLES `type` WRITE;
/*!40000 ALTER TABLE `type` DISABLE KEYS */;
INSERT INTO `type` VALUES (1,'Individualno','Aranzman ukljucuje do dvije osobe'),(2,'Grupno','Aranzman ukljucuje skupine do pedeset ljudi');
/*!40000 ALTER TABLE `type` ENABLE KEYS */;
UNLOCK TABLES;

--
-- Table structure for table `user`
--

DROP TABLE IF EXISTS `user`;
/*!40101 SET @saved_cs_client     = @@character_set_client */;
/*!50503 SET character_set_client = utf8mb4 */;
CREATE TABLE `user` (
  `user_id` int NOT NULL AUTO_INCREMENT,
  `username` varchar(60) CHARACTER SET utf8 COLLATE utf8_bin NOT NULL,
  `email` varchar(60) CHARACTER SET utf8 COLLATE utf8_bin NOT NULL,
  `first_name` varchar(60) CHARACTER SET utf8 COLLATE utf8_bin NOT NULL,
  `last_name` varchar(60) CHARACTER SET utf8 COLLATE utf8_bin NOT NULL,
  `address` varchar(120) CHARACTER SET utf8 COLLATE utf8_bin NOT NULL,
  `password` varchar(60) CHARACTER SET utf8 COLLATE utf8_bin NOT NULL,
  `telefon` varchar(45) CHARACTER SET utf8 COLLATE utf8_bin DEFAULT 'None',
  `uloga_id` int NOT NULL DEFAULT '1',
  `is_active` varchar(45) CHARACTER SET utf8 COLLATE utf8_bin NOT NULL DEFAULT 'ACTIVE',
  PRIMARY KEY (`user_id`),
  UNIQUE KEY `usename_email_uq` (`username`,`email`),
  UNIQUE KEY `email` (`email`),
  UNIQUE KEY `username` (`username`),
  KEY `test_idx` (`uloga_id`),
  CONSTRAINT `user_role` FOREIGN KEY (`uloga_id`) REFERENCES `role` (`role_id`)
) ENGINE=InnoDB AUTO_INCREMENT=134 DEFAULT CHARSET=utf8mb3 COLLATE=utf8_bin;
/*!40101 SET character_set_client = @saved_cs_client */;

--
-- Dumping data for table `user`
--

LOCK TABLES `user` WRITE;
/*!40000 ALTER TABLE `user` DISABLE KEYS */;
INSERT INTO `user` VALUES (132,'kulisjurai','kulisjurica@gmail.com','Jurica','Kulis','Kresevska 22, Kiseljak, BiH ','$2b$10$heXG77F7W5SFXJBbXj3lpevUlehFtMaKcz1GNvtp95a9lyiDSlKJi','+387 63 266 595',2,'ACTIVE'),(133,'amir123','amir@mail.com','Amir','Ramić','Bosanska 12','$2b$10$7YvYKY5T4sbxshIk7o.tHOoHp7yN6CmDgxNLcqUQroPSVPzrDBYly','+387 61 234 567',2,'ACTIVE');
/*!40000 ALTER TABLE `user` ENABLE KEYS */;
UNLOCK TABLES;
/*!40103 SET TIME_ZONE=@OLD_TIME_ZONE */;

/*!40101 SET SQL_MODE=@OLD_SQL_MODE */;
/*!40014 SET FOREIGN_KEY_CHECKS=@OLD_FOREIGN_KEY_CHECKS */;
/*!40014 SET UNIQUE_CHECKS=@OLD_UNIQUE_CHECKS */;
/*!40101 SET CHARACTER_SET_CLIENT=@OLD_CHARACTER_SET_CLIENT */;
/*!40101 SET CHARACTER_SET_RESULTS=@OLD_CHARACTER_SET_RESULTS */;
/*!40101 SET COLLATION_CONNECTION=@OLD_COLLATION_CONNECTION */;
/*!40111 SET SQL_NOTES=@OLD_SQL_NOTES */;

-- Dump completed on 2021-09-15  6:06:20
